,name,date,null_px,snow_px,cloud_px,shadow_px,vegetation_px,not_vegetation_px,water_px,uncertain_px
0,northern_cairngorms,2022-03-21 11:43:49,0,494989,601,18426,449483,356993,4102,1
1,monadh_liath,2022-03-21 11:43:49,0,143702,370353,1030,249507,86596,529,0
2,southern_cairngorms,2022-03-21 11:43:49,0,174642,43,11021,449942,278842,6763,18
3,beinn_dearg,2022-03-21 11:43:49,0,46153,4,0,30999,26483,22,0
4,northern_cairngorms,2019-07-15 11:43:59,0,0,1033171,53679,141713,25824,186,70022
5,monadh_liath,2019-07-15 11:43:59,0,21,330449,59131,396586,30952,253,34325
6,southern_cairngorms,2019-07-15 11:43:59,0,177,363710,66996,396797,36928,5335,51328
7,beinn_dearg,2019-07-15 11:43:59,0,0,24178,8758,62693,4261,0,3771
8,northern_cairngorms,2018-03-26 11:21:09,1324595,0,0,0,0,0,0,0
9,monadh_liath,2018-03-26 11:21:09,851717,0,0,0,0,0,0,0
10,southern_cairngorms,2018-03-26 11:21:09,921271,0,0,0,0,0,0,0
11,beinn_dearg,2018-03-26 11:21:09,103661,0,0,0,0,0,0,0
12,northern_cairngorms,2023-01-02 11:33:59,0,626684,352729,221496,88,93186,27539,2873
13,monadh_liath,2023-01-02 11:33:59,0,342794,342381,50393,0,34592,80443,1114
14,southern_cairngorms,2023-01-02 11:33:59,0,586801,18056,213183,406,90265,12539,21
15,beinn_dearg,2023-01-02 11:33:59,0,67060,26566,692,0,9097,10,236
16,northern_cairngorms,2019-10-17 11:21:19,1324595,0,0,0,0,0,0,0
17,monadh_liath,2019-10-17 11:21:19,851717,0,0,0,0,0,0,0
18,southern_cairngorms,2019-10-17 11:21:19,921271,0,0,0,0,0,0,0
19,beinn_dearg,2019-10-17 11:21:19,103661,0,0,0,0,0,0,0
20,northern_cairngorms,2022-05-14 11:21:09,1324595,0,0,0,0,0,0,0
21,monadh_liath,2022-05-14 11:21:09,851717,0,0,0,0,0,0,0
22,southern_cairngorms,2022-05-14 11:21:09,921271,0,0,0,0,0,0,0
23,beinn_dearg,2022-05-14 11:21:09,103661,0,0,0,0,0,0,0
24,northern_cairngorms,2022-01-09 11:24:41,1324595,0,0,0,0,0,0,0
25,monadh_liath,2022-01-09 11:24:41,851717,0,0,0,0,0,0,0
26,southern_cairngorms,2022-01-09 11:24:41,921271,0,0,0,0,0,0,0
27,beinn_dearg,2022-01-09 11:24:41,103661,0,0,0,0,0,0,0
28,northern_cairngorms,2023-02-18 11:21:09,1324595,0,0,0,0,0,0,0
29,monadh_liath,2023-02-18 11:21:09,851717,0,0,0,0,0,0,0
30,southern_cairngorms,2023-02-18 11:21:09,921271,0,0,0,0,0,0,0
31,beinn_dearg,2023-02-18 11:21:09,103661,0,0,0,0,0,0,0
32,northern_cairngorms,2020-07-31 11:33:31,0,197,264632,50070,885421,82322,4548,37405
33,monadh_liath,2020-07-31 11:33:31,0,0,210337,32508,555730,21534,161,31447
34,southern_cairngorms,2020-07-31 11:33:31,0,0,179774,10393,669136,21156,6249,34563
35,beinn_dearg,2020-07-31 11:33:31,0,31,48643,4687,36085,4771,5,9439
36,northern_cairngorms,2020-06-01 11:33:31,0,7627,311618,142060,563549,225693,3984,70064
37,monadh_liath,2020-06-01 11:33:31,0,1919,59724,51102,606960,99814,566,31632
38,southern_cairngorms,2020-06-01 11:33:31,0,1598,413450,45216,377561,57733,710,25003
39,beinn_dearg,2020-06-01 11:33:31,0,141,4263,6982,68807,20880,21,2567
40,northern_cairngorms,2023-01-25 11:43:49,0,52109,1099812,30023,9045,84613,4290,44703
41,monadh_liath,2023-01-25 11:43:49,0,222344,364146,43675,55123,127377,7487,31565
42,southern_cairngorms,2023-01-25 11:43:49,0,48682,488756,94548,13652,155769,32386,87478
43,beinn_dearg,2023-01-25 11:43:49,0,51846,18639,7602,5851,13146,3610,2967
44,northern_cairngorms,2021-03-20 11:21:09,1324595,0,0,0,0,0,0,0
45,monadh_liath,2021-03-20 11:21:09,851717,0,0,0,0,0,0,0
46,southern_cairngorms,2021-03-20 11:21:09,921271,0,0,0,0,0,0,0
47,beinn_dearg,2021-03-20 11:21:09,103661,0,0,0,0,0,0,0
48,northern_cairngorms,2019-10-25 11:33:21,0,64741,319374,482968,156802,3783,25074,271853
49,monadh_liath,2019-10-25 11:33:21,0,333791,284656,44297,92942,12100,1567,82364
50,southern_cairngorms,2019-10-25 11:33:21,0,0,826851,88920,1308,0,0,4192
51,beinn_dearg,2019-10-25 11:33:21,0,303,90122,4263,0,0,0,8973
52,northern_cairngorms,2020-02-22 11:33:11,0,688358,619549,4234,72,0,189,12193
53,monadh_liath,2020-02-22 11:33:11,0,522632,318838,5718,0,0,3593,936
54,southern_cairngorms,2020-02-22 11:33:11,0,685780,223600,929,93,62,2402,8405
55,beinn_dearg,2020-02-22 11:33:11,0,85829,17492,340,0,0,0,0
56,northern_cairngorms,2020-02-09 11:22:21,1324595,0,0,0,0,0,0,0
57,monadh_liath,2020-02-09 11:22:21,851717,0,0,0,0,0,0,0
58,southern_cairngorms,2020-02-09 11:22:21,921271,0,0,0,0,0,0,0
59,beinn_dearg,2020-02-09 11:22:21,103661,0,0,0,0,0,0,0
60,northern_cairngorms,2018-10-28 11:43:49,3,886416,235191,74867,11484,27918,14863,73853
61,monadh_liath,2018-10-28 11:43:49,0,610256,133596,45478,8265,2316,4623,47183
62,southern_cairngorms,2018-10-28 11:43:49,0,516614,307069,45685,2070,8308,18172,23353
63,beinn_dearg,2018-10-28 11:43:49,0,78767,4453,1493,4493,6665,203,7587
64,northern_cairngorms,2021-06-03 11:21:11,1324595,0,0,0,0,0,0,0
65,monadh_liath,2021-06-03 11:21:11,851717,0,0,0,0,0,0,0
66,southern_cairngorms,2021-06-03 11:21:11,921271,0,0,0,0,0,0,0
67,beinn_dearg,2021-06-03 11:21:11,103661,0,0,0,0,0,0,0
68,northern_cairngorms,2022-09-16 11:21:21,1324595,0,0,0,0,0,0,0
69,monadh_liath,2022-09-16 11:21:21,851717,0,0,0,0,0,0,0
70,southern_cairngorms,2022-09-16 11:21:21,921271,0,0,0,0,0,0,0
71,beinn_dearg,2022-09-16 11:21:21,103661,0,0,0,0,0,0,0
72,northern_cairngorms,2021-02-11 11:33:19,1,1124913,15827,94069,5482,0,31066,53237
73,monadh_liath,2021-02-11 11:33:19,2,799505,11654,23964,1754,127,2415,12296
74,southern_cairngorms,2021-02-11 11:33:19,0,844250,6908,34814,100,0,18647,16552
75,beinn_dearg,2021-02-11 11:33:19,0,101631,522,1252,0,0,35,221
76,northern_cairngorms,2022-07-31 11:33:31,0,0,509920,248226,487185,68061,1884,9319
77,monadh_liath,2022-07-31 11:33:31,0,0,216096,158692,459289,13282,132,4226
78,southern_cairngorms,2022-07-31 11:33:31,0,0,748264,98606,60581,3101,913,9806
79,beinn_dearg,2022-07-31 11:33:31,0,0,60102,15915,25334,1181,0,1129
80,northern_cairngorms,2020-04-24 11:21:09,1324595,0,0,0,0,0,0,0
81,monadh_liath,2020-04-24 11:21:09,851717,0,0,0,0,0,0,0
82,southern_cairngorms,2020-04-24 11:21:09,921271,0,0,0,0,0,0,0
83,beinn_dearg,2020-04-24 11:21:09,103661,0,0,0,0,0,0,0
84,northern_cairngorms,2023-01-19 11:23:09,1324595,0,0,0,0,0,0,0
85,monadh_liath,2023-01-19 11:23:09,851717,0,0,0,0,0,0,0
86,southern_cairngorms,2023-01-19 11:23:09,921271,0,0,0,0,0,0,0
87,beinn_dearg,2023-01-19 11:23:09,103661,0,0,0,0,0,0,0
88,northern_cairngorms,2023-03-23 11:33:19,0,90553,693874,98422,244582,158350,4068,34746
89,monadh_liath,2023-03-23 11:33:19,0,13992,482256,56628,140720,90659,2661,64801
90,southern_cairngorms,2023-03-23 11:33:19,0,14128,413591,100548,214776,124623,5292,48313
91,beinn_dearg,2023-03-23 11:33:19,0,0,99548,825,704,1090,0,1494
92,northern_cairngorms,2021-05-30 11:43:51,0,36444,474369,199871,338608,201774,8006,65523
93,monadh_liath,2021-05-30 11:43:51,0,7632,575757,60383,91461,54415,254,61815
94,southern_cairngorms,2021-05-30 11:43:51,0,2978,98197,57703,606599,115898,6162,33734
95,beinn_dearg,2021-05-30 11:43:51,0,322,49679,14996,17731,11106,38,9789
96,northern_cairngorms,2022-09-01 11:21:19,1324595,0,0,0,0,0,0,0
97,monadh_liath,2022-09-01 11:21:19,851717,0,0,0,0,0,0,0
98,southern_cairngorms,2022-09-01 11:21:19,921271,0,0,0,0,0,0,0
99,beinn_dearg,2022-09-01 11:21:19,103661,0,0,0,0,0,0,0
100,northern_cairngorms,2021-04-22 11:33:09,2,167283,52276,15082,632469,407885,4417,45181
101,monadh_liath,2021-04-22 11:33:09,0,25515,12742,7615,538999,250364,673,15809
102,southern_cairngorms,2021-04-22 11:33:09,0,20525,101401,8242,559198,213507,6278,12120
103,beinn_dearg,2021-04-22 11:33:09,0,1062,737,46,56404,44747,25,640
104,northern_cairngorms,2020-09-21 11:21:19,1324595,0,0,0,0,0,0,0
105,monadh_liath,2020-09-21 11:21:19,851717,0,0,0,0,0,0,0
106,southern_cairngorms,2020-09-21 11:21:19,921271,0,0,0,0,0,0,0
107,beinn_dearg,2020-09-21 11:21:19,103661,0,0,0,0,0,0,0
108,northern_cairngorms,2023-04-15 11:43:49,0,187893,521547,57712,373881,167622,5603,10337
109,monadh_liath,2023-04-15 11:43:49,0,106150,54192,28541,379086,277626,622,5500
110,southern_cairngorms,2023-04-15 11:43:49,0,75218,465156,57263,234248,72911,3037,13438
111,beinn_dearg,2023-04-15 11:43:49,0,3774,98980,54,149,110,0,594
112,northern_cairngorms,2021-09-01 11:21:21,1324595,0,0,0,0,0,0,0
113,monadh_liath,2021-09-01 11:21:21,851717,0,0,0,0,0,0,0
114,southern_cairngorms,2021-09-01 11:21:21,921271,0,0,0,0,0,0,0
115,beinn_dearg,2021-09-01 11:21:21,103661,0,0,0,0,0,0,0
116,northern_cairngorms,2019-09-13 11:43:49,0,14048,421403,162641,583490,54752,883,87378
117,monadh_liath,2019-09-13 11:43:49,0,56787,527376,87093,108617,7580,51,64213
118,southern_cairngorms,2019-09-13 11:43:49,0,0,40455,51077,787365,21346,6457,14571
119,beinn_dearg,2019-09-13 11:43:49,0,0,68346,8513,9000,2891,0,14911
120,northern_cairngorms,2021-05-29 11:21:19,1324595,0,0,0,0,0,0,0
121,monadh_liath,2021-05-29 11:21:19,851717,0,0,0,0,0,0,0
122,southern_cairngorms,2021-05-29 11:21:19,921271,0,0,0,0,0,0,0
123,beinn_dearg,2021-05-29 11:21:19,103661,0,0,0,0,0,0,0
124,northern_cairngorms,2019-08-03 11:21:21,1324595,0,0,0,0,0,0,0
125,monadh_liath,2019-08-03 11:21:21,851717,0,0,0,0,0,0,0
126,southern_cairngorms,2019-08-03 11:21:21,921271,0,0,0,0,0,0,0
127,beinn_dearg,2019-08-03 11:21:21,103661,0,0,0,0,0,0,0
128,northern_cairngorms,2021-04-29 11:21:09,1324595,0,0,0,0,0,0,0
129,monadh_liath,2021-04-29 11:21:09,851717,0,0,0,0,0,0,0
130,southern_cairngorms,2021-04-29 11:21:09,921271,0,0,0,0,0,0,0
131,beinn_dearg,2021-04-29 11:21:09,103661,0,0,0,0,0,0,0
132,northern_cairngorms,2021-11-10 11:23:11,1324595,0,0,0,0,0,0,0
133,monadh_liath,2021-11-10 11:23:11,851717,0,0,0,0,0,0,0
134,southern_cairngorms,2021-11-10 11:23:11,921271,0,0,0,0,0,0,0
135,beinn_dearg,2021-11-10 11:23:11,103661,0,0,0,0,0,0,0
136,northern_cairngorms,2019-12-22 11:44:09,0,350130,781223,78921,528,174,34305,79314
137,monadh_liath,2019-12-22 11:44:09,0,331767,490064,3270,6,0,243,26367
138,southern_cairngorms,2019-12-22 11:44:09,0,101878,481309,97830,14752,8516,39198,177788
139,beinn_dearg,2019-12-22 11:44:09,0,23207,77079,3370,0,0,3,2
140,northern_cairngorms,2019-02-04 11:22:51,1324595,0,0,0,0,0,0,0
141,monadh_liath,2019-02-04 11:22:51,851717,0,0,0,0,0,0,0
142,southern_cairngorms,2019-02-04 11:22:51,921271,0,0,0,0,0,0,0
143,beinn_dearg,2019-02-04 11:22:51,103661,0,0,0,0,0,0,0
144,northern_cairngorms,2019-01-13 11:34:29,0,305782,669464,206655,693,243,88513,53245
145,monadh_liath,2019-01-13 11:34:29,0,237603,415063,82461,9,0,60134,56447
146,southern_cairngorms,2019-01-13 11:34:29,0,154542,428163,133891,7471,5566,102624,89014
147,beinn_dearg,2019-01-13 11:34:29,0,75331,27867,415,0,0,26,22
148,northern_cairngorms,2021-01-07 11:34:51,0,928780,296936,8522,348,0,25855,64154
149,monadh_liath,2021-01-07 11:34:51,0,769229,44525,1736,0,0,20884,15343
150,southern_cairngorms,2021-01-07 11:34:51,0,657265,108486,61341,92,152,52301,41634
151,beinn_dearg,2021-01-07 11:34:51,0,80140,4642,2596,1,0,7312,8970
152,northern_cairngorms,2020-01-20 11:24:01,1324595,0,0,0,0,0,0,0
153,monadh_liath,2020-01-20 11:24:01,851717,0,0,0,0,0,0,0
154,southern_cairngorms,2020-01-20 11:24:01,921271,0,0,0,0,0,0,0
155,beinn_dearg,2020-01-20 11:24:01,103661,0,0,0,0,0,0,0
156,northern_cairngorms,2023-06-13 11:21:21,1324595,0,0,0,0,0,0,0
157,monadh_liath,2023-06-13 11:21:21,851717,0,0,0,0,0,0,0
158,southern_cairngorms,2023-06-13 11:21:21,921271,0,0,0,0,0,0,0
159,beinn_dearg,2023-06-13 11:21:21,103661,0,0,0,0,0,0,0
160,northern_cairngorms,2022-12-15 11:25:01,1324595,0,0,0,0,0,0,0
161,monadh_liath,2022-12-15 11:25:01,851717,0,0,0,0,0,0,0
162,southern_cairngorms,2022-12-15 11:25:01,921271,0,0,0,0,0,0,0
163,beinn_dearg,2022-12-15 11:25:01,103661,0,0,0,0,0,0,0
164,northern_cairngorms,2020-11-03 11:33:19,0,178911,845951,201019,39389,5,8087,51233
165,monadh_liath,2020-11-03 11:33:19,0,249311,299837,96739,134439,3578,777,67036
166,southern_cairngorms,2020-11-03 11:33:19,0,2685,883491,15269,3022,9,0,16795
167,beinn_dearg,2020-11-03 11:33:19,0,2502,98852,958,0,0,0,1349
168,northern_cairngorms,2022-10-07 11:43:49,0,0,801562,124176,221850,73401,657,102949
169,monadh_liath,2022-10-07 11:43:49,0,0,203554,113955,463418,20805,134,49851
170,southern_cairngorms,2022-10-07 11:43:49,0,0,282848,167918,409003,22186,4856,34460
171,beinn_dearg,2022-10-07 11:43:49,0,0,94225,4422,0,3378,196,1440
172,northern_cairngorms,2020-04-19 11:21:11,1324595,0,0,0,0,0,0,0
173,monadh_liath,2020-04-19 11:21:11,851717,0,0,0,0,0,0,0
174,southern_cairngorms,2020-04-19 11:21:11,921271,0,0,0,0,0,0,0
175,beinn_dearg,2020-04-19 11:21:11,103661,0,0,0,0,0,0,0
176,northern_cairngorms,2023-06-09 11:43:51,0,37,1099148,714,212973,11477,0,246
177,monadh_liath,2023-06-09 11:43:51,0,0,161837,89,673998,15643,0,150
178,southern_cairngorms,2023-06-09 11:43:51,0,0,699633,9032,172827,27136,10,12633
179,beinn_dearg,2023-06-09 11:43:51,0,0,81433,0,20787,1441,0,0
180,northern_cairngorms,2019-02-02 11:33:19,0,992992,180654,61763,665,0,48762,39759
181,monadh_liath,2019-02-02 11:33:19,0,682365,122240,12141,383,0,18344,16244
182,southern_cairngorms,2019-02-02 11:33:19,1,710360,76963,69775,771,0,23792,39609
183,beinn_dearg,2019-02-02 11:33:19,2,96335,1682,1958,1,0,1077,2606
184,northern_cairngorms,2021-01-24 11:23:51,1324595,0,0,0,0,0,0,0
185,monadh_liath,2021-01-24 11:23:51,851717,0,0,0,0,0,0,0
186,southern_cairngorms,2021-01-24 11:23:51,921271,0,0,0,0,0,0,0
187,beinn_dearg,2021-01-24 11:23:51,103661,0,0,0,0,0,0,0
188,northern_cairngorms,2022-08-10 11:33:31,0,0,15663,20897,1187043,91984,5075,3933
189,monadh_liath,2022-08-10 11:33:31,0,0,290612,48058,490748,14657,316,7326
190,southern_cairngorms,2022-08-10 11:33:31,0,0,2,1910,903575,8513,6610,661
191,beinn_dearg,2022-08-10 11:33:31,0,0,19086,55,83274,1196,0,50
192,northern_cairngorms,2020-04-25 11:43:51,0,117412,49100,50610,662590,391701,5519,47663
193,monadh_liath,2020-04-25 11:43:51,0,91916,9311,1039,502147,224129,589,22586
194,southern_cairngorms,2020-04-25 11:43:51,0,28991,120999,23315,497131,219156,6533,25146
195,beinn_dearg,2020-04-25 11:43:51,0,8486,1638,57,39734,51014,23,2709
196,northern_cairngorms,2022-03-26 11:43:51,0,396207,394,13435,623805,286040,4714,0
197,monadh_liath,2022-03-26 11:43:51,0,238036,21344,8439,404086,173595,940,5277
198,southern_cairngorms,2022-03-26 11:43:51,1,124585,113,5732,619596,164154,7090,0
199,beinn_dearg,2022-03-26 11:43:51,0,23910,9502,2274,29157,36684,78,2056
200,northern_cairngorms,2019-03-11 11:21:09,1324595,0,0,0,0,0,0,0
201,monadh_liath,2019-03-11 11:21:09,851717,0,0,0,0,0,0,0
202,southern_cairngorms,2019-03-11 11:21:09,921271,0,0,0,0,0,0,0
203,beinn_dearg,2019-03-11 11:21:09,103661,0,0,0,0,0,0,0
204,northern_cairngorms,2021-09-29 11:33:19,0,4092,396133,243961,470995,62407,2460,144547
205,monadh_liath,2021-09-29 11:33:19,0,1242,163733,156838,437119,22149,114,70522
206,southern_cairngorms,2021-09-29 11:33:19,0,0,152230,145407,516610,28609,4439,73976
207,beinn_dearg,2021-09-29 11:33:19,0,0,55706,17712,12418,1246,0,16579
208,northern_cairngorms,2019-05-16 11:43:59,0,16564,7315,7590,786006,492157,5018,9945
209,monadh_liath,2019-05-16 11:43:59,0,393,516,191,715828,133800,585,404
210,southern_cairngorms,2019-05-16 11:43:59,0,566,672,3095,789234,119045,6842,1817
211,beinn_dearg,2019-05-16 11:43:59,0,12,13,34,82684,20883,0,35
212,northern_cairngorms,2023-05-19 11:21:19,1324595,0,0,0,0,0,0,0
213,monadh_liath,2023-05-19 11:21:19,851717,0,0,0,0,0,0,0
214,southern_cairngorms,2023-05-19 11:21:19,921271,0,0,0,0,0,0,0
215,beinn_dearg,2023-05-19 11:21:19,103661,0,0,0,0,0,0,0
216,northern_cairngorms,2019-01-30 11:23:19,1324595,0,0,0,0,0,0,0
217,monadh_liath,2019-01-30 11:23:19,851717,0,0,0,0,0,0,0
218,southern_cairngorms,2019-01-30 11:23:19,921271,0,0,0,0,0,0,0
219,beinn_dearg,2019-01-30 11:23:19,103661,0,0,0,0,0,0,0
220,northern_cairngorms,2020-02-17 11:33:19,0,978371,272615,25060,4749,110,1760,41930
221,monadh_liath,2020-02-17 11:33:19,0,638374,187191,20595,0,0,1127,4430
222,southern_cairngorms,2020-02-17 11:33:19,0,552611,65225,94034,108944,4238,18619,77600
223,beinn_dearg,2020-02-17 11:33:19,0,60823,41589,1249,0,0,0,0
224,northern_cairngorms,2019-03-09 11:33:11,0,453723,768810,51976,3794,211,354,45727
225,monadh_liath,2019-03-09 11:33:11,0,540917,165126,28898,62246,10001,874,43655
226,southern_cairngorms,2019-03-09 11:33:11,0,311636,297209,87173,126200,31417,4537,63099
227,beinn_dearg,2019-03-09 11:33:11,0,66762,36800,67,0,0,30,2
228,northern_cairngorms,2022-06-04 11:44:01,0,7141,24500,10192,1018051,256013,4999,3699
229,monadh_liath,2022-06-04 11:44:01,0,24,35671,15615,781356,14964,499,3588
230,southern_cairngorms,2022-06-04 11:44:01,0,121,125019,59970,713378,16622,5261,900
231,beinn_dearg,2022-06-04 11:44:01,0,16,3257,2199,94434,3555,2,198
232,northern_cairngorms,2020-12-23 11:34:09,0,192101,992551,134910,0,0,1793,3240
233,monadh_liath,2020-12-23 11:34:09,0,250617,156817,272339,6048,0,81680,84216
234,southern_cairngorms,2020-12-23 11:34:09,0,27785,356455,365795,0,9,129335,41892
235,beinn_dearg,2020-12-23 11:34:09,0,1,75031,26185,0,0,0,2444
236,northern_cairngorms,2021-12-13 11:35:01,0,316258,283796,303569,4898,1743,357855,56476
237,monadh_liath,2021-12-13 11:35:01,0,281445,246080,74339,17302,6292,121036,105223
238,southern_cairngorms,2021-12-13 11:35:01,0,18472,696723,169318,2619,136,1069,32934
239,beinn_dearg,2021-12-13 11:35:01,0,18650,46619,23751,68,5,13409,1159
240,northern_cairngorms,2019-08-26 11:33:21,6,0,10829,16180,1192628,94511,4039,6402
241,monadh_liath,2019-08-26 11:33:21,0,0,31917,10151,775265,20271,196,13917
242,southern_cairngorms,2019-08-26 11:33:21,0,0,1445,4637,897218,11128,5335,1508
243,beinn_dearg,2019-08-26 11:33:21,0,0,9145,5203,79492,5671,0,4150
244,northern_cairngorms,2019-02-10 11:43:51,0,832524,102676,191613,69409,4027,32335,92011
245,monadh_liath,2019-02-10 11:43:51,2,603170,55133,47485,86135,5357,6417,48018
246,southern_cairngorms,2019-02-10 11:43:51,0,384892,60616,178270,138394,32043,29985,97071
247,beinn_dearg,2019-02-10 11:43:51,0,71310,7197,9016,6276,437,2332,7093
248,northern_cairngorms,2020-03-10 11:21:11,1324595,0,0,0,0,0,0,0
249,monadh_liath,2020-03-10 11:21:11,851717,0,0,0,0,0,0,0
250,southern_cairngorms,2020-03-10 11:21:11,921271,0,0,0,0,0,0,0
251,beinn_dearg,2020-03-10 11:21:11,103661,0,0,0,0,0,0,0
252,northern_cairngorms,2019-05-06 11:43:59,0,215821,761851,58088,160222,47923,3022,77668
253,monadh_liath,2019-05-06 11:43:59,0,1100,694097,29208,84560,6400,0,36352
254,southern_cairngorms,2019-05-06 11:43:59,0,21324,260834,101933,394947,80626,1947,59660
255,beinn_dearg,2019-05-06 11:43:59,0,1216,63286,10776,17533,4231,15,6604
256,northern_cairngorms,2019-09-23 11:43:49,0,77324,924528,159796,64329,6219,4997,87402
257,monadh_liath,2019-09-23 11:43:49,0,42785,687089,24295,23804,6854,22,66868
258,southern_cairngorms,2019-09-23 11:43:49,0,49588,677900,46512,40333,8815,1320,96803
259,beinn_dearg,2019-09-23 11:43:49,0,1397,102220,11,0,0,0,33
260,northern_cairngorms,2023-01-24 11:23:41,1324595,0,0,0,0,0,0,0
261,monadh_liath,2023-01-24 11:23:41,851717,0,0,0,0,0,0,0
262,southern_cairngorms,2023-01-24 11:23:41,921271,0,0,0,0,0,0,0
263,beinn_dearg,2023-01-24 11:23:41,103661,0,0,0,0,0,0,0
264,northern_cairngorms,2021-10-22 11:43:49,0,130425,898089,166445,13220,1680,1737,112999
265,monadh_liath,2021-10-22 11:43:49,0,10698,424959,191513,106908,2215,146,115278
266,southern_cairngorms,2021-10-22 11:43:49,0,17313,343226,228167,197776,15888,7044,111857
267,beinn_dearg,2021-10-22 11:43:49,0,3,54211,8891,18670,2712,0,19174
268,northern_cairngorms,2022-08-13 11:44:01,0,0,359530,184778,708994,56576,2193,12524
269,monadh_liath,2022-08-13 11:44:01,0,0,243721,378,605913,1558,0,147
270,southern_cairngorms,2022-08-13 11:44:01,0,0,133685,10191,763184,6992,5779,1440
271,beinn_dearg,2022-08-13 11:44:01,0,0,55567,5,46668,1419,0,2
272,northern_cairngorms,2022-10-16 11:21:21,1324595,0,0,0,0,0,0,0
273,monadh_liath,2022-10-16 11:21:21,851717,0,0,0,0,0,0,0
274,southern_cairngorms,2022-10-16 11:21:21,921271,0,0,0,0,0,0,0
275,beinn_dearg,2022-10-16 11:21:21,103661,0,0,0,0,0,0,0
276,northern_cairngorms,2021-12-03 11:34:41,0,578531,365587,157046,400,198,149098,73735
277,monadh_liath,2021-12-03 11:34:41,0,410615,170612,63366,21647,16695,39258,129524
278,southern_cairngorms,2021-12-03 11:34:41,0,273236,164532,146366,16885,3580,149193,167479
279,beinn_dearg,2021-12-03 11:34:41,0,64913,27753,2703,40,0,6513,1739
280,northern_cairngorms,2018-10-02 11:21:09,1324595,0,0,0,0,0,0,0
281,monadh_liath,2018-10-02 11:21:09,851717,0,0,0,0,0,0,0
282,southern_cairngorms,2018-10-02 11:21:09,921271,0,0,0,0,0,0,0
283,beinn_dearg,2018-10-02 11:21:09,103661,0,0,0,0,0,0,0
284,northern_cairngorms,2020-08-12 11:21:19,1324595,0,0,0,0,0,0,0
285,monadh_liath,2020-08-12 11:21:19,851717,0,0,0,0,0,0,0
286,southern_cairngorms,2020-08-12 11:21:19,921271,0,0,0,0,0,0,0
287,beinn_dearg,2020-08-12 11:21:19,103661,0,0,0,0,0,0,0
288,northern_cairngorms,2020-04-07 11:33:19,0,349038,119973,25731,495306,230141,3813,100593
289,monadh_liath,2020-04-07 11:33:19,0,341941,35478,16073,264706,102554,1528,89437
290,southern_cairngorms,2020-04-07 11:33:19,0,100236,46063,53706,462779,196129,7492,54866
291,beinn_dearg,2020-04-07 11:33:19,2,46158,3684,2436,19966,20197,378,10840
292,northern_cairngorms,2018-04-05 11:21:09,1324595,0,0,0,0,0,0,0
293,monadh_liath,2018-04-05 11:21:09,851717,0,0,0,0,0,0,0
294,southern_cairngorms,2018-04-05 11:21:09,921271,0,0,0,0,0,0,0
295,beinn_dearg,2018-04-05 11:21:09,103661,0,0,0,0,0,0,0
296,northern_cairngorms,2020-01-18 11:33:19,0,250540,743366,145559,38229,27847,30695,88359
297,monadh_liath,2020-01-18 11:33:19,0,556711,203287,20865,426,19,45094,25315
298,southern_cairngorms,2020-01-18 11:33:19,0,200522,109135,262489,88128,64709,46554,149734
299,beinn_dearg,2020-01-18 11:33:19,0,72757,15850,5466,233,0,869,8486
300,northern_cairngorms,2018-04-01 11:43:49,0,683165,252420,104331,91217,45558,9556,138348
301,monadh_liath,2018-04-01 11:43:49,0,497531,103516,40659,107032,51669,911,50399
302,southern_cairngorms,2018-04-01 11:43:49,0,471619,123969,29380,93743,26591,6304,169665
303,beinn_dearg,2018-04-01 11:43:49,0,80585,4404,3367,4122,5726,559,4898
304,northern_cairngorms,2021-07-01 11:33:19,6,1291,562,2156,1176234,136332,5461,2553
305,monadh_liath,2021-07-01 11:33:19,0,0,23433,3622,798771,17904,487,7500
306,southern_cairngorms,2021-07-01 11:33:19,0,53,56,1271,899159,13098,6824,810
307,beinn_dearg,2021-07-01 11:33:19,0,24,75186,4953,14633,3783,0,5082
308,northern_cairngorms,2022-12-05 11:24:41,1324595,0,0,0,0,0,0,0
309,monadh_liath,2022-12-05 11:24:41,851717,0,0,0,0,0,0,0
310,southern_cairngorms,2022-12-05 11:24:41,921271,0,0,0,0,0,0,0
311,beinn_dearg,2022-12-05 11:24:41,103661,0,0,0,0,0,0,0
312,northern_cairngorms,2023-05-29 11:21:19,1324595,0,0,0,0,0,0,0
313,monadh_liath,2023-05-29 11:21:19,851717,0,0,0,0,0,0,0
314,southern_cairngorms,2023-05-29 11:21:19,921271,0,0,0,0,0,0,0
315,beinn_dearg,2023-05-29 11:21:19,103661,0,0,0,0,0,0,0
316,northern_cairngorms,2018-09-23 11:43:41,0,353276,738212,73425,83149,2138,27,74368
317,monadh_liath,2018-09-23 11:43:41,0,90721,225581,85727,383866,6956,146,58720
318,southern_cairngorms,2018-09-23 11:43:41,0,9643,180877,134071,506615,24020,5034,61011
319,beinn_dearg,2018-09-23 11:43:41,0,0,0,6778,95389,857,19,618
320,northern_cairngorms,2023-04-07 11:33:21,0,120713,385105,215023,390474,204638,2093,6549
321,monadh_liath,2023-04-07 11:33:21,0,6030,167448,90513,446688,135476,491,5071
322,southern_cairngorms,2023-04-07 11:33:21,0,14581,211264,174923,369635,141081,6026,3761
323,beinn_dearg,2023-04-07 11:33:21,0,930,30014,4372,49835,18179,0,331
324,northern_cairngorms,2022-10-06 11:21:21,1324595,0,0,0,0,0,0,0
325,monadh_liath,2022-10-06 11:21:21,851717,0,0,0,0,0,0,0
326,southern_cairngorms,2022-10-06 11:21:21,921271,0,0,0,0,0,0,0
327,beinn_dearg,2022-10-06 11:21:21,103661,0,0,0,0,0,0,0
328,northern_cairngorms,2019-07-24 11:21:21,1324595,0,0,0,0,0,0,0
329,monadh_liath,2019-07-24 11:21:21,851717,0,0,0,0,0,0,0
330,southern_cairngorms,2019-07-24 11:21:21,921271,0,0,0,0,0,0,0
331,beinn_dearg,2019-07-24 11:21:21,103661,0,0,0,0,0,0,0
332,northern_cairngorms,2020-02-07 11:33:09,3,345687,153526,272209,311844,64122,39778,137426
333,monadh_liath,2020-02-07 11:33:09,0,259612,262221,44669,172654,40103,2240,70218
334,southern_cairngorms,2020-02-07 11:33:09,0,127224,48410,217268,309228,87069,27315,104757
335,beinn_dearg,2020-02-07 11:33:09,0,59743,6791,5681,11873,6348,1358,11867
336,northern_cairngorms,2018-12-07 11:44:49,0,295601,761061,118650,55,498,47966,100764
337,monadh_liath,2018-12-07 11:44:49,0,496378,108565,128136,12,12,27986,90628
338,southern_cairngorms,2018-12-07 11:44:49,0,66079,416895,272621,6366,2546,21147,135617
339,beinn_dearg,2018-12-07 11:44:49,0,31133,20804,12132,0,0,39385,207
340,northern_cairngorms,2020-12-30 11:23:59,1324595,0,0,0,0,0,0,0
341,monadh_liath,2020-12-30 11:23:59,851717,0,0,0,0,0,0,0
342,southern_cairngorms,2020-12-30 11:23:59,921271,0,0,0,0,0,0,0
343,beinn_dearg,2020-12-30 11:23:59,103661,0,0,0,0,0,0,0
344,northern_cairngorms,2020-09-19 11:33:21,0,0,221,45431,1137854,121288,4692,15109
345,monadh_liath,2020-09-19 11:33:21,0,0,12,2168,842716,4242,451,2128
346,southern_cairngorms,2020-09-19 11:33:21,0,0,572,22848,876444,11614,5856,3937
347,beinn_dearg,2020-09-19 11:33:21,0,0,166,379,100226,2322,0,568
348,northern_cairngorms,2020-04-20 11:43:49,0,167414,107190,16829,664244,320670,4449,43799
349,monadh_liath,2020-04-20 11:43:49,4,139519,13215,1200,444021,219213,614,33931
350,southern_cairngorms,2020-04-20 11:43:49,0,41539,8021,9361,618065,223189,6858,14238
351,beinn_dearg,2020-04-20 11:43:49,0,15360,2036,148,35889,45193,17,5018
352,northern_cairngorms,2021-12-10 11:24:51,1324595,0,0,0,0,0,0,0
353,monadh_liath,2021-12-10 11:24:51,851717,0,0,0,0,0,0,0
354,southern_cairngorms,2021-12-10 11:24:51,921271,0,0,0,0,0,0,0
355,beinn_dearg,2021-12-10 11:24:51,103661,0,0,0,0,0,0,0
356,northern_cairngorms,2021-02-16 11:33:21,1,572878,374486,177204,54788,2777,107983,34478
357,monadh_liath,2021-02-16 11:33:21,0,318299,474440,45214,1969,249,2509,9037
358,southern_cairngorms,2021-02-16 11:33:21,0,477105,343993,57876,957,79,32422,8839
359,beinn_dearg,2021-02-16 11:33:21,0,27976,73037,2551,0,0,97,0
360,northern_cairngorms,2019-06-19 11:21:19,1324595,0,0,0,0,0,0,0
361,monadh_liath,2019-06-19 11:21:19,851717,0,0,0,0,0,0,0
362,southern_cairngorms,2019-06-19 11:21:19,921271,0,0,0,0,0,0,0
363,beinn_dearg,2019-06-19 11:21:19,103661,0,0,0,0,0,0,0
364,northern_cairngorms,2019-09-20 11:33:19,1,0,13901,23809,1159212,109464,3610,14598
365,monadh_liath,2019-09-20 11:33:19,0,0,34700,1606,811700,2471,548,692
366,southern_cairngorms,2019-09-20 11:33:19,0,0,8,12859,884732,11111,6872,5689
367,beinn_dearg,2019-09-20 11:33:19,0,0,0,157,100991,2390,23,100
368,northern_cairngorms,2020-08-08 11:43:49,0,2,847367,30134,381799,33822,76,31395
369,monadh_liath,2020-08-08 11:43:49,0,0,215162,15720,583419,20469,0,16947
370,southern_cairngorms,2020-08-08 11:43:49,0,0,478543,40606,347902,23504,2225,28491
371,beinn_dearg,2020-08-08 11:43:49,0,0,82681,1460,13647,680,0,5193
372,northern_cairngorms,2019-10-27 11:21:19,1324595,0,0,0,0,0,0,0
373,monadh_liath,2019-10-27 11:21:19,851717,0,0,0,0,0,0,0
374,southern_cairngorms,2019-10-27 11:21:19,921271,0,0,0,0,0,0,0
375,beinn_dearg,2019-10-27 11:21:19,103661,0,0,0,0,0,0,0
376,northern_cairngorms,2020-05-07 11:33:19,3,54255,553760,123850,231758,242008,6875,112086
377,monadh_liath,2020-05-07 11:33:19,0,4813,693823,20819,38956,28637,2,64667
378,southern_cairngorms,2020-05-07 11:33:19,0,14427,87332,86623,460831,213993,4410,53655
379,beinn_dearg,2020-05-07 11:33:19,0,401,95702,444,29,3232,0,3853
380,northern_cairngorms,2020-03-13 11:33:21,0,1077228,10399,39938,84565,35919,4709,71837
381,monadh_liath,2020-03-13 11:33:21,0,822562,7120,5607,2548,5257,882,7741
382,southern_cairngorms,2020-03-13 11:33:21,0,502564,61795,108261,123042,34204,6271,85134
383,beinn_dearg,2020-03-13 11:33:21,0,103477,1,52,0,33,98,0
384,northern_cairngorms,2021-07-23 11:21:21,1324595,0,0,0,0,0,0,0
385,monadh_liath,2021-07-23 11:21:21,851717,0,0,0,0,0,0,0
386,southern_cairngorms,2021-07-23 11:21:21,921271,0,0,0,0,0,0,0
387,beinn_dearg,2021-07-23 11:21:21,103661,0,0,0,0,0,0,0
388,northern_cairngorms,2021-04-12 11:33:19,0,491528,235809,77968,299820,99234,4319,115917
389,monadh_liath,2021-04-12 11:33:19,1,452937,80218,4435,218382,51422,590,43732
390,southern_cairngorms,2021-04-12 11:33:19,0,78149,197875,101033,365455,111537,4980,62242
391,beinn_dearg,2021-04-12 11:33:19,0,7591,11389,333,42515,32974,25,8834
392,northern_cairngorms,2019-11-29 11:33:29,0,536913,657955,38126,2759,1210,6420,81212
393,monadh_liath,2019-11-29 11:33:29,0,341594,359240,26411,6343,8677,2362,107090
394,southern_cairngorms,2019-11-29 11:33:29,0,187530,261657,179189,9933,12331,77882,192749
395,beinn_dearg,2019-11-29 11:33:29,0,25165,57788,1660,1308,737,4701,12302
396,northern_cairngorms,2019-05-15 11:21:21,1324595,0,0,0,0,0,0,0
397,monadh_liath,2019-05-15 11:21:21,851717,0,0,0,0,0,0,0
398,southern_cairngorms,2019-05-15 11:21:21,921271,0,0,0,0,0,0,0
399,beinn_dearg,2019-05-15 11:21:21,103661,0,0,0,0,0,0,0
400,northern_cairngorms,2021-03-16 11:43:49,0,481563,276323,136633,213245,64249,9356,143226
401,monadh_liath,2021-03-16 11:43:49,0,465644,117272,69462,107928,21312,2472,67627
402,southern_cairngorms,2021-03-16 11:43:49,0,222070,74511,112305,346376,76889,9254,79866
403,beinn_dearg,2021-03-16 11:43:49,0,53972,3583,1409,28322,5157,13,11205
404,northern_cairngorms,2020-09-17 11:43:49,0,482,123667,124192,767534,178077,3862,126781
405,monadh_liath,2020-09-17 11:43:49,0,0,12161,24209,791038,12968,402,10939
406,southern_cairngorms,2020-09-17 11:43:49,0,0,10755,37188,850061,15443,1615,6209
407,beinn_dearg,2020-09-17 11:43:49,0,0,48938,3639,16056,9608,0,25420
408,northern_cairngorms,2021-07-21 11:33:19,0,143,14004,15182,1183677,99492,4879,7218
409,monadh_liath,2021-07-21 11:33:19,0,0,3,256,848120,2701,452,185
410,southern_cairngorms,2021-07-21 11:33:19,0,0,38851,31368,816252,20456,3595,10749
411,beinn_dearg,2021-07-21 11:33:19,0,0,619,1387,96663,4120,0,872
412,northern_cairngorms,2023-03-11 11:43:51,0,759639,493253,17049,14893,37374,2353,34
413,monadh_liath,2023-03-11 11:43:51,0,85636,720721,111,20278,24971,0,0
414,southern_cairngorms,2023-03-11 11:43:51,0,595886,6657,17085,92665,199970,7326,1682
415,beinn_dearg,2023-03-11 11:43:51,0,68879,0,231,15489,19035,27,0
416,northern_cairngorms,2021-04-14 11:21:11,1324595,0,0,0,0,0,0,0
417,monadh_liath,2021-04-14 11:21:11,851717,0,0,0,0,0,0,0
418,southern_cairngorms,2021-04-14 11:21:11,921271,0,0,0,0,0,0,0
419,beinn_dearg,2021-04-14 11:21:11,103661,0,0,0,0,0,0,0
420,northern_cairngorms,2018-12-31 11:24:59,1324595,0,0,0,0,0,0,0
421,monadh_liath,2018-12-31 11:24:59,851717,0,0,0,0,0,0,0
422,southern_cairngorms,2018-12-31 11:24:59,921271,0,0,0,0,0,0,0
423,beinn_dearg,2018-12-31 11:24:59,103661,0,0,0,0,0,0,0
424,northern_cairngorms,2022-06-06 11:33:19,0,5331,270494,14506,727561,292640,2948,11115
425,monadh_liath,2022-06-06 11:33:19,0,19,439775,3572,323833,61824,0,22694
426,southern_cairngorms,2022-06-06 11:33:19,0,35,379128,1454,522247,17295,8,1104
427,beinn_dearg,2022-06-06 11:33:19,0,16,5874,572,81753,11099,0,4347
428,northern_cairngorms,2018-11-17 11:43:49,1,0,14818,400342,430839,177068,85812,215715
429,monadh_liath,2018-11-17 11:43:49,0,0,65,159241,471037,25790,10283,185301
430,southern_cairngorms,2018-11-17 11:43:49,0,341,289240,246333,136578,39394,52846,156539
431,beinn_dearg,2018-11-17 11:43:49,0,194,44823,22373,2107,4478,6006,23680
432,northern_cairngorms,2018-10-05 11:33:19,0,3329,294211,248744,554186,87765,1969,134391
433,monadh_liath,2018-10-05 11:33:19,0,102401,242358,102301,293067,3141,33,108416
434,southern_cairngorms,2018-10-05 11:33:19,0,878,446876,108090,275518,14283,473,75153
435,beinn_dearg,2018-10-05 11:33:19,0,3055,28589,17787,42972,206,0,11052
436,northern_cairngorms,2023-04-10 11:43:51,0,6671,636253,130912,343203,115004,2500,90052
437,monadh_liath,2023-04-10 11:43:51,0,3690,423128,88191,183011,81107,3,72587
438,southern_cairngorms,2023-04-10 11:43:51,0,805,455568,70644,251399,87199,1230,54426
439,beinn_dearg,2023-04-10 11:43:51,0,13,64728,4434,22967,4759,0,6760
440,northern_cairngorms,2018-11-02 11:43:51,0,667165,62967,228646,171210,26233,26992,141382
441,monadh_liath,2018-11-02 11:43:51,0,424753,153410,54579,101875,19515,2095,95490
442,southern_cairngorms,2018-11-02 11:43:51,1,393825,36706,153336,188322,27847,26583,94651
443,beinn_dearg,2018-11-02 11:43:51,0,33668,17917,11264,18520,3397,6963,11932
444,northern_cairngorms,2022-03-08 11:33:19,0,311536,565377,27632,195159,198160,13992,12739
445,monadh_liath,2022-03-08 11:33:19,0,221424,412196,3036,56148,138530,6226,14157
446,southern_cairngorms,2022-03-08 11:33:19,0,67215,424857,27646,192254,173057,9977,26265
447,beinn_dearg,2022-03-08 11:33:19,0,43252,47837,249,445,7670,667,3541
448,northern_cairngorms,2021-01-30 11:43:51,0,457962,629427,231916,0,0,0,5290
449,monadh_liath,2021-01-30 11:43:51,0,728179,98434,7689,0,0,0,17415
450,southern_cairngorms,2021-01-30 11:43:51,0,321781,496383,95821,0,0,0,7286
451,beinn_dearg,2021-01-30 11:43:51,0,85882,16213,137,0,0,2,1427
452,northern_cairngorms,2023-06-16 11:33:21,0,1020,0,2012,1190021,125799,5050,693
453,monadh_liath,2023-06-16 11:33:21,0,0,13,55,844714,6312,534,89
454,southern_cairngorms,2023-06-16 11:33:21,0,0,0,1082,899421,13467,6511,790
455,beinn_dearg,2023-06-16 11:33:21,0,0,0,0,101511,2143,1,6
456,northern_cairngorms,2023-04-20 11:43:51,0,119885,36,871,762945,435347,5490,21
457,monadh_liath,2023-04-20 11:43:51,0,4231,0,0,643402,203468,616,0
458,southern_cairngorms,2023-04-20 11:43:51,0,33943,3165,4679,646869,225293,7144,178
459,beinn_dearg,2023-04-20 11:43:51,0,553,0,0,71410,31685,13,0
460,northern_cairngorms,2021-12-18 11:33:59,29,165841,103620,326146,55461,104967,255311,313220
461,monadh_liath,2021-12-18 11:33:59,10,22954,120484,144426,75571,105455,41082,341735
462,southern_cairngorms,2021-12-18 11:33:59,5,49173,60153,236964,71590,109815,170976,222595
463,beinn_dearg,2021-12-18 11:33:59,3,13104,18338,14535,8723,11895,2899,34164
464,northern_cairngorms,2020-05-09 11:21:21,1324595,0,0,0,0,0,0,0
465,monadh_liath,2020-05-09 11:21:21,851717,0,0,0,0,0,0,0
466,southern_cairngorms,2020-05-09 11:21:21,921271,0,0,0,0,0,0,0
467,beinn_dearg,2020-05-09 11:21:21,103661,0,0,0,0,0,0,0
468,northern_cairngorms,2021-11-23 11:34:11,0,193861,303219,313698,187677,51673,72664,201803
469,monadh_liath,2021-11-23 11:34:11,0,8776,338542,200375,2250,19439,9006,273329
470,southern_cairngorms,2021-11-23 11:34:11,0,374,83012,329938,288765,36701,57273,125208
471,beinn_dearg,2021-11-23 11:34:11,0,2460,60176,18493,0,3501,8227,10804
472,northern_cairngorms,2019-02-15 11:43:49,0,401593,7068,277082,275968,145145,20540,197199
473,monadh_liath,2019-02-15 11:43:49,0,180189,213248,48937,190528,60058,903,157854
474,southern_cairngorms,2019-02-15 11:43:49,0,92565,4707,185464,357229,148766,13440,119100
475,beinn_dearg,2019-02-15 11:43:49,0,6157,461,11392,34292,18473,72,32814
476,northern_cairngorms,2022-03-01 11:43:49,0,746571,135486,90117,193368,133066,9110,16877
477,monadh_liath,2022-03-01 11:43:49,1,558281,106702,59068,73887,45444,2878,5456
478,southern_cairngorms,2022-03-01 11:43:49,0,406443,31423,53343,259845,148864,7156,14197
479,beinn_dearg,2022-03-01 11:43:49,0,93760,2425,1476,1163,4573,139,125
480,northern_cairngorms,2021-08-25 11:33:21,0,0,450,18900,1175374,109905,4771,15195
481,monadh_liath,2021-08-25 11:33:21,0,0,2,363,846743,3513,452,644
482,southern_cairngorms,2021-08-25 11:33:21,0,0,8055,17515,866612,12602,6331,10156
483,beinn_dearg,2021-08-25 11:33:21,0,0,0,77,101519,1938,0,127
484,northern_cairngorms,2020-11-05 11:22:51,1324595,0,0,0,0,0,0,0
485,monadh_liath,2020-11-05 11:22:51,851717,0,0,0,0,0,0,0
486,southern_cairngorms,2020-11-05 11:22:51,921271,0,0,0,0,0,0,0
487,beinn_dearg,2020-11-05 11:22:51,103661,0,0,0,0,0,0,0
488,northern_cairngorms,2022-03-06 11:43:51,1,689035,157569,38266,278163,157663,3867,31
489,monadh_liath,2022-03-06 11:43:51,0,590685,4176,5562,175020,75758,516,0
490,southern_cairngorms,2022-03-06 11:43:51,2,365910,54928,25605,322464,145660,6668,34
491,beinn_dearg,2022-03-06 11:43:51,0,87588,825,361,6141,8720,26,0
492,northern_cairngorms,2019-10-28 11:43:51,0,139039,1057783,55456,501,4,512,71300
493,monadh_liath,2019-10-28 11:43:51,0,91573,300974,78743,228149,8392,561,143325
494,southern_cairngorms,2019-10-28 11:43:51,0,3093,305386,241415,185846,33998,7945,143588
495,beinn_dearg,2019-10-28 11:43:51,0,415,34026,21193,27792,2626,105,17504
496,northern_cairngorms,2020-11-30 11:24:29,1324595,0,0,0,0,0,0,0
497,monadh_liath,2020-11-30 11:24:29,851717,0,0,0,0,0,0,0
498,southern_cairngorms,2020-11-30 11:24:29,921271,0,0,0,0,0,0,0
499,beinn_dearg,2020-11-30 11:24:29,103661,0,0,0,0,0,0,0
500,northern_cairngorms,2018-10-10 11:33:21,0,1635,478318,245312,386614,57967,20884,133865
501,monadh_liath,2018-10-10 11:33:21,0,638,423316,143297,162017,31736,363,90350
502,southern_cairngorms,2018-10-10 11:33:21,0,210,512024,137684,192721,14555,1569,62508
503,beinn_dearg,2018-10-10 11:33:21,0,0,80477,5732,6615,2728,1,8108
504,northern_cairngorms,2023-02-26 11:33:21,0,647368,32,71007,319863,281312,5008,5
505,monadh_liath,2023-02-26 11:33:21,0,238844,6,18271,319522,274373,697,4
506,southern_cairngorms,2023-02-26 11:33:21,0,191165,0,49613,401661,271136,7685,11
507,beinn_dearg,2023-02-26 11:33:21,0,45466,0,702,25991,31472,30,0
508,northern_cairngorms,2020-09-12 11:43:51,0,2349,652456,127950,354494,39914,992,146440
509,monadh_liath,2020-09-12 11:43:51,0,198196,645087,100,57,10,0,8267
510,southern_cairngorms,2020-09-12 11:43:51,0,41674,649845,60023,92788,1161,1785,73995
511,beinn_dearg,2020-09-12 11:43:51,0,0,83683,1110,7555,115,0,11198
512,northern_cairngorms,2018-09-30 11:33:21,0,82513,922821,141527,49739,9522,552,117921
513,monadh_liath,2018-09-30 11:33:21,0,641,199434,154570,396387,20041,438,80206
514,southern_cairngorms,2018-09-30 11:33:21,0,846,390419,120555,259201,28291,3445,118514
515,beinn_dearg,2018-09-30 11:33:21,0,8594,62222,10456,9436,276,1,12676
516,northern_cairngorms,2021-09-02 11:43:49,0,0,20,21435,1189132,103507,5184,5317
517,monadh_liath,2021-09-02 11:43:49,0,0,3,411,847105,3391,452,355
518,southern_cairngorms,2021-09-02 11:43:49,0,0,9,9603,894442,9181,6387,1649
519,beinn_dearg,2021-09-02 11:43:49,0,0,0,108,101385,2078,2,88
520,northern_cairngorms,2019-07-30 11:43:51,0,883,204249,130802,852156,96986,3618,35901
521,monadh_liath,2019-07-30 11:43:51,0,0,67087,40885,704185,24651,456,14453
522,southern_cairngorms,2019-07-30 11:43:51,0,0,6127,4331,893302,9608,6357,1546
523,beinn_dearg,2019-07-30 11:43:51,0,0,18697,8256,69084,3970,11,3643
524,northern_cairngorms,2022-01-29 11:23:21,1324595,0,0,0,0,0,0,0
525,monadh_liath,2022-01-29 11:23:21,851717,0,0,0,0,0,0,0
526,southern_cairngorms,2022-01-29 11:23:21,921271,0,0,0,0,0,0,0
527,beinn_dearg,2022-01-29 11:23:21,103661,0,0,0,0,0,0,0
528,northern_cairngorms,2022-01-05 11:45:01,0,558398,734970,10448,0,0,18391,2388
529,monadh_liath,2022-01-05 11:45:01,0,446055,405187,160,0,0,93,222
530,southern_cairngorms,2022-01-05 11:45:01,0,356988,405509,56156,25,3,41195,61395
531,beinn_dearg,2022-01-05 11:45:01,0,75331,26690,138,2,0,447,1053
532,northern_cairngorms,2020-01-15 11:23:19,1324595,0,0,0,0,0,0,0
533,monadh_liath,2020-01-15 11:23:19,851717,0,0,0,0,0,0,0
534,southern_cairngorms,2020-01-15 11:23:19,921271,0,0,0,0,0,0,0
535,beinn_dearg,2020-01-15 11:23:19,103661,0,0,0,0,0,0,0
536,northern_cairngorms,2021-06-29 11:43:51,0,1538,49220,22308,1094970,142969,5043,8547
537,monadh_liath,2021-06-29 11:43:51,0,0,419000,14989,404828,7568,354,4978
538,southern_cairngorms,2021-06-29 11:43:51,0,142,76532,14741,772305,33875,5936,17740
539,beinn_dearg,2021-06-29 11:43:51,0,0,5340,2185,91679,3575,1,881
540,northern_cairngorms,2019-11-14 11:33:31,0,420628,711708,105872,2162,399,29330,54496
541,monadh_liath,2019-11-14 11:33:31,0,251983,380443,77606,18001,9904,10750,103030
542,southern_cairngorms,2019-11-14 11:33:31,0,241375,523521,87980,3134,3790,17059,44412
543,beinn_dearg,2019-11-14 11:33:31,0,54309,39635,762,894,230,5,7826
544,northern_cairngorms,2022-06-23 11:21:19,1324595,0,0,0,0,0,0,0
545,monadh_liath,2022-06-23 11:21:19,851717,0,0,0,0,0,0,0
546,southern_cairngorms,2022-06-23 11:21:19,921271,0,0,0,0,0,0,0
547,beinn_dearg,2022-06-23 11:21:19,103661,0,0,0,0,0,0,0
548,northern_cairngorms,2020-11-15 11:23:41,1324595,0,0,0,0,0,0,0
549,monadh_liath,2020-11-15 11:23:41,851717,0,0,0,0,0,0,0
550,southern_cairngorms,2020-11-15 11:23:41,921271,0,0,0,0,0,0,0
551,beinn_dearg,2020-11-15 11:23:41,103661,0,0,0,0,0,0,0
552,northern_cairngorms,2021-10-24 11:33:21,0,161957,727255,279095,41686,7560,12640,94402
553,monadh_liath,2021-10-24 11:33:21,0,87518,462720,199860,11077,2590,1789,86163
554,southern_cairngorms,2021-10-24 11:33:21,0,99374,523068,173456,36042,5069,11472,72790
555,beinn_dearg,2021-10-24 11:33:21,0,28609,69174,3972,0,57,537,1312
556,northern_cairngorms,2021-03-01 11:43:51,2,592788,24780,139549,355407,85205,9468,117396
557,monadh_liath,2021-03-01 11:43:51,0,342776,24556,32690,311300,49725,1303,89367
558,southern_cairngorms,2021-03-01 11:43:51,0,264222,17265,105032,352350,82255,8947,91200
559,beinn_dearg,2021-03-01 11:43:51,0,45980,3059,2740,30740,8963,112,12067
560,northern_cairngorms,2019-12-09 11:33:49,0,398063,714748,86026,744,64,22661,102289
561,monadh_liath,2019-12-09 11:33:49,0,458068,67577,82152,77,0,189899,53944
562,southern_cairngorms,2019-12-09 11:33:49,0,389113,166876,147559,2243,2001,52604,160875
563,beinn_dearg,2019-12-09 11:33:49,0,51534,31081,1235,571,41,6,19193
564,northern_cairngorms,2023-05-24 11:21:21,1324595,0,0,0,0,0,0,0
565,monadh_liath,2023-05-24 11:21:21,851717,0,0,0,0,0,0,0
566,southern_cairngorms,2023-05-24 11:21:21,921271,0,0,0,0,0,0,0
567,beinn_dearg,2023-05-24 11:21:21,103661,0,0,0,0,0,0,0
568,northern_cairngorms,2019-03-21 11:21:19,1324595,0,0,0,0,0,0,0
569,monadh_liath,2019-03-21 11:21:19,851717,0,0,0,0,0,0,0
570,southern_cairngorms,2019-03-21 11:21:19,921271,0,0,0,0,0,0,0
571,beinn_dearg,2019-03-21 11:21:19,103661,0,0,0,0,0,0,0
572,northern_cairngorms,2021-04-15 11:43:49,1324595,0,0,0,0,0,0,0
573,monadh_liath,2021-04-15 11:43:49,851717,0,0,0,0,0,0,0
574,southern_cairngorms,2021-04-15 11:43:49,906891,5,66,129,12069,2062,0,49
575,beinn_dearg,2021-04-15 11:43:49,0,2439,12493,8908,40893,34967,92,3869
576,northern_cairngorms,2019-05-05 11:21:21,1324595,0,0,0,0,0,0,0
577,monadh_liath,2019-05-05 11:21:21,851717,0,0,0,0,0,0,0
578,southern_cairngorms,2019-05-05 11:21:21,921271,0,0,0,0,0,0,0
579,beinn_dearg,2019-05-05 11:21:21,103661,0,0,0,0,0,0,0
580,northern_cairngorms,2019-01-23 11:33:59,2,718375,93236,193054,27597,25,141642,150664
581,monadh_liath,2019-01-23 11:33:59,3,667945,62631,27324,652,23,30525,62614
582,southern_cairngorms,2019-01-23 11:33:59,0,524350,59800,124717,20307,151,94725,97221
583,beinn_dearg,2019-01-23 11:33:59,0,78035,6400,3399,17,0,4566,11244
584,northern_cairngorms,2021-04-17 11:33:11,0,229359,17824,17807,592465,394113,4477,68550
585,monadh_liath,2021-04-17 11:33:11,0,88025,6948,19123,406109,261227,652,69633
586,southern_cairngorms,2021-04-17 11:33:11,0,29390,21492,23458,559445,252890,6885,27711
587,beinn_dearg,2021-04-17 11:33:11,0,1723,1051,4847,43133,49208,12,3687
588,northern_cairngorms,2021-02-26 11:33:21,0,614399,90023,190324,179804,64649,14620,170776
589,monadh_liath,2021-02-26 11:33:21,0,237695,481390,42088,16594,9888,2121,61941
590,southern_cairngorms,2021-02-26 11:33:21,0,280386,30843,128507,300639,72476,11608,96812
591,beinn_dearg,2021-02-26 11:33:21,0,12075,81044,2245,1,5213,1193,1890
592,northern_cairngorms,2023-02-13 11:21:51,1324595,0,0,0,0,0,0,0
593,monadh_liath,2023-02-13 11:21:51,851717,0,0,0,0,0,0,0
594,southern_cairngorms,2023-02-13 11:21:51,921271,0,0,0,0,0,0,0
595,beinn_dearg,2023-02-13 11:21:51,103661,0,0,0,0,0,0,0
596,northern_cairngorms,2019-06-07 11:33:21,0,2082,302930,139262,530805,278081,4773,66662
597,monadh_liath,2019-06-07 11:33:21,0,4887,661628,29858,74245,28263,321,52515
598,southern_cairngorms,2019-06-07 11:33:21,0,12237,531342,84198,178527,37008,171,77788
599,beinn_dearg,2019-06-07 11:33:21,0,2057,71749,6684,3746,9220,0,10205
600,northern_cairngorms,2021-08-18 11:43:51,0,0,30019,43190,1122495,105538,3813,19540
601,monadh_liath,2021-08-18 11:43:51,0,0,26356,13848,765855,31297,385,13976
602,southern_cairngorms,2021-08-18 11:43:51,0,0,139,3865,900882,8538,6146,1701
603,beinn_dearg,2021-08-18 11:43:51,0,0,0,50,101988,1572,13,38
604,northern_cairngorms,2019-01-18 11:34:11,0,632062,270567,196453,449,0,157435,67629
605,monadh_liath,2019-01-18 11:34:11,0,672598,35213,18381,64,10,116754,8697
606,southern_cairngorms,2019-01-18 11:34:11,0,555023,253253,33846,429,0,37474,41246
607,beinn_dearg,2019-01-18 11:34:11,0,648,103012,1,0,0,0,0
608,northern_cairngorms,2018-05-10 11:21:21,1324595,0,0,0,0,0,0,0
609,monadh_liath,2018-05-10 11:21:21,851717,0,0,0,0,0,0,0
610,southern_cairngorms,2018-05-10 11:21:21,921271,0,0,0,0,0,0,0
611,beinn_dearg,2018-05-10 11:21:21,103661,0,0,0,0,0,0,0
612,northern_cairngorms,2020-02-04 11:21:49,1324595,0,0,0,0,0,0,0
613,monadh_liath,2020-02-04 11:21:49,851717,0,0,0,0,0,0,0
614,southern_cairngorms,2020-02-04 11:21:49,921271,0,0,0,0,0,0,0
615,beinn_dearg,2020-02-04 11:21:49,103661,0,0,0,0,0,0,0
616,northern_cairngorms,2022-09-21 11:21:19,1324595,0,0,0,0,0,0,0
617,monadh_liath,2022-09-21 11:21:19,851717,0,0,0,0,0,0,0
618,southern_cairngorms,2022-09-21 11:21:19,921271,0,0,0,0,0,0,0
619,beinn_dearg,2022-09-21 11:21:19,103661,0,0,0,0,0,0,0
620,northern_cairngorms,2022-06-23 11:21:19,1324595,0,0,0,0,0,0,0
621,monadh_liath,2022-06-23 11:21:19,851717,0,0,0,0,0,0,0
622,southern_cairngorms,2022-06-23 11:21:19,921271,0,0,0,0,0,0,0
623,beinn_dearg,2022-06-23 11:21:19,103661,0,0,0,0,0,0,0
624,northern_cairngorms,2021-01-02 11:33:59,0,769018,395155,37249,311,1,107022,15839
625,monadh_liath,2021-01-02 11:33:59,0,602367,126038,24007,73,0,88594,10638
626,southern_cairngorms,2021-01-02 11:33:59,0,471322,222729,80349,1400,687,66387,78397
627,beinn_dearg,2021-01-02 11:33:59,0,84053,12680,478,1,0,579,5870
628,northern_cairngorms,2020-11-06 11:43:49,1,471,1732,317534,737794,122180,36504,108379
629,monadh_liath,2020-11-06 11:43:49,2,0,6,100929,673841,5257,3765,67917
630,southern_cairngorms,2020-11-06 11:43:49,0,0,22,185746,632872,27069,23979,51583
631,beinn_dearg,2020-11-06 11:43:49,0,0,0,14211,80416,1715,384,6935
632,northern_cairngorms,2021-04-15 11:43:49,0,244118,322001,241764,256483,160965,12143,87121
633,monadh_liath,2021-04-15 11:43:49,0,148554,190842,82020,253227,100619,1780,74675
634,southern_cairngorms,2021-04-15 11:43:49,0,16797,169160,167526,367060,160562,6820,33346
635,beinn_dearg,2021-04-15 11:43:49,0,2433,12485,8935,40857,35033,92,3826
636,northern_cairngorms,2019-03-17 11:43:49,0,438159,865346,17357,0,0,562,3171
637,monadh_liath,2019-03-17 11:43:49,0,508474,281075,22144,299,0,34967,4758
638,southern_cairngorms,2019-03-17 11:43:49,0,592141,276950,12823,1800,0,16092,21465
639,beinn_dearg,2019-03-17 11:43:49,0,91021,12493,0,0,0,30,117
640,northern_cairngorms,2021-01-12 11:33:39,0,822768,178328,102824,962,86,146387,73240
641,monadh_liath,2021-01-12 11:33:39,0,627635,72005,24686,1395,281,35308,90407
642,southern_cairngorms,2021-01-12 11:33:39,0,455981,108251,128074,830,1154,99698,127283
643,beinn_dearg,2021-01-12 11:33:39,0,78616,11746,2411,136,80,4459,6213
644,northern_cairngorms,2023-06-18 11:21:19,1324595,0,0,0,0,0,0,0
645,monadh_liath,2023-06-18 11:21:19,851717,0,0,0,0,0,0,0
646,southern_cairngorms,2023-06-18 11:21:19,921271,0,0,0,0,0,0,0
647,beinn_dearg,2023-06-18 11:21:19,103661,0,0,0,0,0,0,0
648,northern_cairngorms,2018-09-20 11:33:11,0,10073,726309,93496,323677,47850,81,123109
649,monadh_liath,2018-09-20 11:33:11,0,0,851715,0,0,0,0,2
650,southern_cairngorms,2018-09-20 11:33:11,0,24824,346102,110104,361696,18470,919,59156
651,beinn_dearg,2018-09-20 11:33:11,0,5076,86948,2,835,0,0,10800
652,northern_cairngorms,2019-10-15 11:33:21,0,0,193975,278286,570622,89969,5767,185976
653,monadh_liath,2019-10-15 11:33:21,0,0,427394,83981,220603,24589,480,94670
654,southern_cairngorms,2019-10-15 11:33:21,0,170,549594,93014,49750,15764,1549,211430
655,beinn_dearg,2019-10-15 11:33:21,0,230,83896,4913,6312,2236,6,6068
656,northern_cairngorms,2022-08-12 11:21:19,1324595,0,0,0,0,0,0,0
657,monadh_liath,2022-08-12 11:21:19,851717,0,0,0,0,0,0,0
658,southern_cairngorms,2022-08-12 11:21:19,921271,0,0,0,0,0,0,0
659,beinn_dearg,2022-08-12 11:21:19,103661,0,0,0,0,0,0,0
660,northern_cairngorms,2019-01-31 11:43:51,6,980698,28484,142395,2444,0,66607,103961
661,monadh_liath,2019-01-31 11:43:51,0,760068,29302,27550,79,0,13377,21341
662,southern_cairngorms,2019-01-31 11:43:51,0,667880,19490,94911,5293,12,51874,81811
663,beinn_dearg,2019-01-31 11:43:51,0,95467,731,1910,0,0,1702,3851
664,northern_cairngorms,2018-04-20 11:21:21,1324595,0,0,0,0,0,0,0
665,monadh_liath,2018-04-20 11:21:21,851717,0,0,0,0,0,0,0
666,southern_cairngorms,2018-04-20 11:21:21,921271,0,0,0,0,0,0,0
667,beinn_dearg,2018-04-20 11:21:21,103661,0,0,0,0,0,0,0
668,northern_cairngorms,2022-02-09 11:43:49,0,77389,1152566,17428,1918,47003,5492,22799
669,monadh_liath,2022-02-09 11:43:49,0,314277,532175,1660,1,3418,53,133
670,southern_cairngorms,2022-02-09 11:43:49,0,19640,533170,47827,80627,155338,6009,78660
671,beinn_dearg,2022-02-09 11:43:49,0,1027,102634,0,0,0,0,0
672,northern_cairngorms,2018-04-30 11:21:21,1324595,0,0,0,0,0,0,0
673,monadh_liath,2018-04-30 11:21:21,851717,0,0,0,0,0,0,0
674,southern_cairngorms,2018-04-30 11:21:21,921271,0,0,0,0,0,0,0
675,beinn_dearg,2018-04-30 11:21:21,103661,0,0,0,0,0,0,0
676,northern_cairngorms,2019-06-27 11:33:21,0,621,348,2209,1134268,179072,5507,2570
677,monadh_liath,2019-06-27 11:33:21,0,0,7,164,846266,4521,515,244
678,southern_cairngorms,2019-06-27 11:33:21,0,0,9649,9079,866058,24241,6840,5404
679,beinn_dearg,2019-06-27 11:33:21,0,0,0,46,100788,2797,1,29
680,northern_cairngorms,2022-03-05 11:21:09,1324595,0,0,0,0,0,0,0
681,monadh_liath,2022-03-05 11:21:09,851717,0,0,0,0,0,0,0
682,southern_cairngorms,2022-03-05 11:21:09,921271,0,0,0,0,0,0,0
683,beinn_dearg,2022-03-05 11:21:09,103661,0,0,0,0,0,0,0
684,northern_cairngorms,2022-03-25 11:21:09,1324595,0,0,0,0,0,0,0
685,monadh_liath,2022-03-25 11:21:09,851717,0,0,0,0,0,0,0
686,southern_cairngorms,2022-03-25 11:21:09,921271,0,0,0,0,0,0,0
687,beinn_dearg,2022-03-25 11:21:09,103661,0,0,0,0,0,0,0
688,northern_cairngorms,2019-01-08 11:34:41,0,150715,488888,352611,4038,4318,177944,146081
689,monadh_liath,2019-01-08 11:34:41,0,19712,425512,171491,13990,3185,90741,127086
690,southern_cairngorms,2019-01-08 11:34:41,0,34538,294424,246925,37627,80182,64327,163248
691,beinn_dearg,2019-01-08 11:34:41,0,11742,46571,21049,1,668,6355,17275
692,northern_cairngorms,2019-10-30 11:33:19,0,170877,591438,269851,162868,4294,3624,121643
693,monadh_liath,2019-10-30 11:33:19,0,45529,478418,85895,61340,2131,76,178328
694,southern_cairngorms,2019-10-30 11:33:19,0,1385,682584,45861,20403,1712,0,169326
695,beinn_dearg,2019-10-30 11:33:19,0,135,74074,7688,102,19,0,21643
696,northern_cairngorms,2019-12-01 11:24:31,1324595,0,0,0,0,0,0,0
697,monadh_liath,2019-12-01 11:24:31,851717,0,0,0,0,0,0,0
698,southern_cairngorms,2019-12-01 11:24:31,921271,0,0,0,0,0,0,0
699,beinn_dearg,2019-12-01 11:24:31,103661,0,0,0,0,0,0,0
700,northern_cairngorms,2020-04-02 11:33:21,0,80528,1139066,30247,7404,8318,182,58850
701,monadh_liath,2020-04-02 11:33:21,0,253810,398365,32381,54157,19043,475,93486
702,southern_cairngorms,2020-04-02 11:33:21,0,117671,503446,65016,81391,53320,6073,94354
703,beinn_dearg,2020-04-02 11:33:21,0,42626,44965,616,1632,6825,284,6713
704,northern_cairngorms,2020-04-17 11:33:19,0,106897,509002,44589,380912,178524,4366,100305
705,monadh_liath,2020-04-17 11:33:19,0,155198,118758,19471,260911,206770,190,90419
706,southern_cairngorms,2020-04-17 11:33:19,0,67,912377,2028,257,127,0,6415
707,beinn_dearg,2020-04-17 11:33:19,0,772,101475,146,0,46,0,1222
708,northern_cairngorms,2020-09-26 11:21:21,1324595,0,0,0,0,0,0,0
709,monadh_liath,2020-09-26 11:21:21,851717,0,0,0,0,0,0,0
710,southern_cairngorms,2020-09-26 11:21:21,921271,0,0,0,0,0,0,0
711,beinn_dearg,2020-09-26 11:21:21,103661,0,0,0,0,0,0,0
712,northern_cairngorms,2019-12-11 11:24:51,1324595,0,0,0,0,0,0,0
713,monadh_liath,2019-12-11 11:24:51,851717,0,0,0,0,0,0,0
714,southern_cairngorms,2019-12-11 11:24:51,921271,0,0,0,0,0,0,0
715,beinn_dearg,2019-12-11 11:24:51,103661,0,0,0,0,0,0,0
716,northern_cairngorms,2018-12-14 11:34:59,0,124910,520530,258298,20002,106059,115519,179277
717,monadh_liath,2018-12-14 11:34:59,1,5194,121255,231588,40926,161103,24532,267118
718,southern_cairngorms,2018-12-14 11:34:59,0,3852,779217,40676,9152,35565,131,52678
719,beinn_dearg,2018-12-14 11:34:59,0,443,11241,19500,3320,33879,2472,32806
720,northern_cairngorms,2022-10-01 11:21:09,1324595,0,0,0,0,0,0,0
721,monadh_liath,2022-10-01 11:21:09,851717,0,0,0,0,0,0,0
722,southern_cairngorms,2022-10-01 11:21:09,921271,0,0,0,0,0,0,0
723,beinn_dearg,2022-10-01 11:21:09,103661,0,0,0,0,0,0,0
724,northern_cairngorms,2020-12-03 11:34:39,0,470605,360869,189043,4222,3580,217135,79141
725,monadh_liath,2020-12-03 11:34:39,0,700185,65940,14770,0,0,62989,7833
726,southern_cairngorms,2020-12-03 11:34:39,0,374054,217187,120206,13528,2132,97737,96427
727,beinn_dearg,2020-12-03 11:34:39,0,77957,10392,1445,0,0,10863,3004
728,northern_cairngorms,2021-02-01 11:33:19,2,1071488,35949,98785,954,0,71077,46340
729,monadh_liath,2021-02-01 11:33:19,0,682731,159909,7113,8,0,0,1956
730,southern_cairngorms,2021-02-01 11:33:19,0,831207,82748,6836,0,0,82,398
731,beinn_dearg,2021-02-01 11:33:19,0,83034,16180,4433,0,0,0,14
732,northern_cairngorms,2020-02-25 11:43:41,0,893749,406402,18104,0,0,2823,3517
733,monadh_liath,2020-02-25 11:43:41,0,593188,255676,2754,0,0,0,99
734,southern_cairngorms,2020-02-25 11:43:41,0,836226,33441,9194,155,0,9932,32323
735,beinn_dearg,2020-02-25 11:43:41,0,38460,60821,4380,0,0,0,0
736,northern_cairngorms,2019-08-13 11:21:21,1324595,0,0,0,0,0,0,0
737,monadh_liath,2019-08-13 11:21:21,851717,0,0,0,0,0,0,0
738,southern_cairngorms,2019-08-13 11:21:21,921271,0,0,0,0,0,0,0
739,beinn_dearg,2019-08-13 11:21:21,103661,0,0,0,0,0,0,0
740,northern_cairngorms,2023-07-26 11:33:21,0,0,405803,221703,632960,52444,2081,9604
741,monadh_liath,2023-07-26 11:33:21,0,0,75560,16173,752546,5148,483,1807
742,southern_cairngorms,2023-07-26 11:33:21,0,0,391788,159898,339622,15158,4799,10006
743,beinn_dearg,2023-07-26 11:33:21,0,0,33611,18211,48615,2580,0,644
744,northern_cairngorms,2020-03-18 11:33:19,0,559298,489768,97134,60183,15734,2767,99711
745,monadh_liath,2020-03-18 11:33:19,0,657174,71188,10889,83457,181,3692,25136
746,southern_cairngorms,2020-03-18 11:33:19,0,315573,69191,76300,297237,64764,12642,85564
747,beinn_dearg,2020-03-18 11:33:19,0,83158,11859,2937,157,6,2697,2847
748,northern_cairngorms,2023-05-30 11:43:51,0,8035,0,4256,1025651,280436,5222,995
749,monadh_liath,2023-05-30 11:43:51,0,16,0,53,814906,36173,470,99
750,southern_cairngorms,2023-05-30 11:43:51,0,164,0,1882,882444,29248,6589,944
751,beinn_dearg,2023-05-30 11:43:51,0,0,0,0,98052,5571,1,37
752,northern_cairngorms,2023-03-08 11:33:11,1,320725,870971,29379,25435,74376,3699,9
753,monadh_liath,2023-03-08 11:33:11,0,166800,476695,4774,85005,116188,853,1402
754,southern_cairngorms,2023-03-08 11:33:11,0,619564,181776,16510,17609,77944,7710,158
755,beinn_dearg,2023-03-08 11:33:11,0,70340,20842,177,2536,9760,0,6
756,northern_cairngorms,2019-04-13 11:33:29,2,205180,638562,96985,190802,97920,4122,91022
757,monadh_liath,2019-04-13 11:33:29,0,43973,338885,47142,169506,171326,124,80761
758,southern_cairngorms,2019-04-13 11:33:29,0,12152,584976,82137,132468,59511,1080,48947
759,beinn_dearg,2019-04-13 11:33:29,0,36,103588,25,0,0,0,12
760,northern_cairngorms,2018-10-15 11:33:19,0,0,11391,197045,852905,173513,7810,81931
761,monadh_liath,2018-10-15 11:33:19,0,0,26597,102101,646971,33950,500,41598
762,southern_cairngorms,2018-10-15 11:33:19,0,0,16158,111811,711409,38924,7261,35708
763,beinn_dearg,2018-10-15 11:33:19,0,0,35511,31092,19050,4534,2,13472
764,northern_cairngorms,2021-04-24 11:21:11,1324595,0,0,0,0,0,0,0
765,monadh_liath,2021-04-24 11:21:11,851717,0,0,0,0,0,0,0
766,southern_cairngorms,2021-04-24 11:21:11,921271,0,0,0,0,0,0,0
767,beinn_dearg,2021-04-24 11:21:11,103661,0,0,0,0,0,0,0
768,northern_cairngorms,2018-05-16 11:43:51,0,21778,15884,29087,661906,569751,1250,24939
769,monadh_liath,2018-05-16 11:43:51,0,3124,5226,2942,659065,176814,91,4455
770,southern_cairngorms,2018-05-16 11:43:51,0,4194,37917,55611,586766,196804,4506,35473
771,beinn_dearg,2018-05-16 11:43:51,0,418,384,55,75661,26907,0,236
772,northern_cairngorms,2020-04-15 11:43:51,0,162926,260577,125443,414246,258503,3480,99420
773,monadh_liath,2020-04-15 11:43:51,0,63195,448218,25685,133097,107503,568,73451
774,southern_cairngorms,2020-04-15 11:43:51,0,51002,159795,12178,471160,200874,5391,20871
775,beinn_dearg,2020-04-15 11:43:51,0,22753,5585,2486,29074,35912,34,7817
776,northern_cairngorms,2019-03-31 11:21:19,1324595,0,0,0,0,0,0,0
777,monadh_liath,2019-03-31 11:21:19,851717,0,0,0,0,0,0,0
778,southern_cairngorms,2019-03-31 11:21:19,921271,0,0,0,0,0,0,0
779,beinn_dearg,2019-03-31 11:21:19,103661,0,0,0,0,0,0,0
780,northern_cairngorms,2021-08-27 11:21:09,1324595,0,0,0,0,0,0,0
781,monadh_liath,2021-08-27 11:21:09,851717,0,0,0,0,0,0,0
782,southern_cairngorms,2021-08-27 11:21:09,921271,0,0,0,0,0,0,0
783,beinn_dearg,2021-08-27 11:21:09,103661,0,0,0,0,0,0,0
784,northern_cairngorms,2019-10-02 11:21:21,1324595,0,0,0,0,0,0,0
785,monadh_liath,2019-10-02 11:21:21,851717,0,0,0,0,0,0,0
786,southern_cairngorms,2019-10-02 11:21:21,921271,0,0,0,0,0,0,0
787,beinn_dearg,2019-10-02 11:21:21,103661,0,0,0,0,0,0,0
788,northern_cairngorms,2021-02-28 11:21:09,1324595,0,0,0,0,0,0,0
789,monadh_liath,2021-02-28 11:21:09,851717,0,0,0,0,0,0,0
790,southern_cairngorms,2021-02-28 11:21:09,921271,0,0,0,0,0,0,0
791,beinn_dearg,2021-02-28 11:21:09,103661,0,0,0,0,0,0,0
792,northern_cairngorms,2019-12-31 11:24:51,1324595,0,0,0,0,0,0,0
793,monadh_liath,2019-12-31 11:24:51,851717,0,0,0,0,0,0,0
794,southern_cairngorms,2019-12-31 11:24:51,921271,0,0,0,0,0,0,0
795,beinn_dearg,2019-12-31 11:24:51,103661,0,0,0,0,0,0,0
796,northern_cairngorms,2018-10-27 11:21:51,1324595,0,0,0,0,0,0,0
797,monadh_liath,2018-10-27 11:21:51,851717,0,0,0,0,0,0,0
798,southern_cairngorms,2018-10-27 11:21:51,921271,0,0,0,0,0,0,0
799,beinn_dearg,2018-10-27 11:21:51,103661,0,0,0,0,0,0,0
800,northern_cairngorms,2022-01-02 11:35:01,0,138481,840116,198693,3213,1010,22862,120220
801,monadh_liath,2022-01-02 11:35:01,0,170861,440984,95264,2859,479,23731,117539
802,southern_cairngorms,2022-01-02 11:35:01,0,19470,615872,149855,3976,1479,9719,120900
803,beinn_dearg,2022-01-02 11:35:01,0,34345,9153,31848,4,11,24879,3421
804,northern_cairngorms,2022-04-20 11:43:49,0,137634,77030,57409,670386,374495,4316,3325
805,monadh_liath,2022-04-20 11:43:49,0,25758,32102,24040,601745,165270,442,2360
806,southern_cairngorms,2022-04-20 11:43:49,0,24845,2722,2625,717045,166595,6933,506
807,beinn_dearg,2022-04-20 11:43:49,0,2492,10,0,69857,31253,1,48
808,northern_cairngorms,2020-05-29 11:21:21,1324595,0,0,0,0,0,0,0
809,monadh_liath,2020-05-29 11:21:21,851717,0,0,0,0,0,0,0
810,southern_cairngorms,2020-05-29 11:21:21,921271,0,0,0,0,0,0,0
811,beinn_dearg,2020-05-29 11:21:21,103661,0,0,0,0,0,0,0
812,northern_cairngorms,2020-01-03 11:34:51,0,101029,582530,362117,6616,10083,72308,189912
813,monadh_liath,2020-01-03 11:34:51,0,337354,253234,105022,0,2,78661,77444
814,southern_cairngorms,2020-01-03 11:34:51,0,3975,262556,340480,13491,13432,64112,223225
815,beinn_dearg,2020-01-03 11:34:51,0,1696,35347,4237,10152,8486,16,43727
816,northern_cairngorms,2022-01-07 11:33:49,0,836225,228890,80596,387,0,102746,75751
817,monadh_liath,2022-01-07 11:33:49,0,609590,148606,24617,11,0,59436,9457
818,southern_cairngorms,2022-01-07 11:33:49,0,434071,133211,121330,7667,534,133497,90961
819,beinn_dearg,2022-01-07 11:33:49,0,89225,10139,71,0,0,277,3949
820,northern_cairngorms,2023-06-14 11:43:49,0,1273,25820,24254,1132444,133573,4686,2545
821,monadh_liath,2023-06-14 11:43:49,0,0,92597,20988,722914,11982,315,2921
822,southern_cairngorms,2023-06-14 11:43:49,0,0,2017,1492,900168,11866,4384,1344
823,beinn_dearg,2023-06-14 11:43:49,0,0,26967,8377,64190,2962,0,1165
824,northern_cairngorms,2020-05-27 11:33:19,0,16443,416246,138779,418374,266026,5032,63695
825,monadh_liath,2020-05-27 11:33:19,0,4174,228666,84887,323068,137223,402,73297
826,southern_cairngorms,2020-05-27 11:33:19,0,119,783216,45143,44600,11803,3030,33360
827,beinn_dearg,2020-05-27 11:33:19,0,122,40735,11001,23311,18813,0,9679
828,northern_cairngorms,2021-05-27 11:33:21,0,96161,447422,82752,303600,282869,3352,108439
829,monadh_liath,2021-05-27 11:33:21,0,1383,412001,44975,175945,93943,508,122962
830,southern_cairngorms,2021-05-27 11:33:21,0,7484,291517,34845,413365,112005,6855,55200
831,beinn_dearg,2021-05-27 11:33:21,0,0,101563,98,0,305,0,1695
832,northern_cairngorms,2018-11-01 11:22:19,1324595,0,0,0,0,0,0,0
833,monadh_liath,2018-11-01 11:22:19,851717,0,0,0,0,0,0,0
834,southern_cairngorms,2018-11-01 11:22:19,921271,0,0,0,0,0,0,0
835,beinn_dearg,2018-11-01 11:22:19,103661,0,0,0,0,0,0,0
836,northern_cairngorms,2022-12-31 11:45:01,0,651646,138868,310631,1314,214902,7178,56
837,monadh_liath,2022-12-31 11:45:01,1,635882,18,85850,66,126943,2957,0
838,southern_cairngorms,2022-12-31 11:45:01,0,337367,31133,301933,4427,143546,102701,164
839,beinn_dearg,2022-12-31 11:45:01,0,29098,12366,16359,0,10098,35740,0
840,northern_cairngorms,2021-07-19 11:43:51,0,129,115425,38193,848341,152134,3151,167222
841,monadh_liath,2021-07-19 11:43:51,0,0,647939,1348,51275,33197,0,117958
842,southern_cairngorms,2021-07-19 11:43:51,0,0,309970,39658,307843,75883,1661,186256
843,beinn_dearg,2021-07-19 11:43:51,0,0,46295,211,26767,11092,0,19296
844,northern_cairngorms,2018-04-21 11:43:49,0,110350,336315,163785,267594,316184,4171,126196
845,monadh_liath,2018-04-21 11:43:49,0,89422,206746,78201,207556,175410,1856,92526
846,southern_cairngorms,2018-04-21 11:43:49,0,31902,333527,119267,203977,135082,1442,96074
847,beinn_dearg,2018-04-21 11:43:49,0,6268,57181,10529,2249,11549,291,15594
848,northern_cairngorms,2022-04-22 11:33:21,0,79260,325028,79452,435705,389501,4427,11222
849,monadh_liath,2022-04-22 11:33:21,0,22709,22250,668,562269,237496,598,5727
850,southern_cairngorms,2022-04-22 11:33:21,0,8231,182875,61594,498188,160408,3729,6246
851,beinn_dearg,2022-04-22 11:33:21,0,1798,5273,0,66571,29998,7,14
852,northern_cairngorms,2020-03-20 11:21:11,1324595,0,0,0,0,0,0,0
853,monadh_liath,2020-03-20 11:21:11,851717,0,0,0,0,0,0,0
854,southern_cairngorms,2020-03-20 11:21:11,921271,0,0,0,0,0,0,0
855,beinn_dearg,2020-03-20 11:21:11,103661,0,0,0,0,0,0,0
856,northern_cairngorms,2021-12-01 11:43:49,0,721352,563203,14718,0,0,13811,11511
857,monadh_liath,2021-12-01 11:43:49,0,342091,465722,11833,0,0,35,32036
858,southern_cairngorms,2021-12-01 11:43:49,0,249519,455421,79551,66,0,91348,45366
859,beinn_dearg,2021-12-01 11:43:49,0,52731,50923,7,0,0,0,0
860,northern_cairngorms,2018-12-04 11:34:39,0,270859,529696,275452,16171,3274,54959,174184
861,monadh_liath,2018-12-04 11:34:39,0,223475,463978,72574,16195,1628,9993,63874
862,southern_cairngorms,2018-12-04 11:34:39,0,835,720585,115588,41271,516,1845,40631
863,beinn_dearg,2018-12-04 11:34:39,1,1630,99412,528,0,0,0,2090
864,northern_cairngorms,2023-07-08 11:21:19,1324595,0,0,0,0,0,0,0
865,monadh_liath,2023-07-08 11:21:19,851717,0,0,0,0,0,0,0
866,southern_cairngorms,2023-07-08 11:21:19,921271,0,0,0,0,0,0,0
867,beinn_dearg,2023-07-08 11:21:19,103661,0,0,0,0,0,0,0
868,northern_cairngorms,2019-12-16 11:23:59,1324595,0,0,0,0,0,0,0
869,monadh_liath,2019-12-16 11:23:59,851717,0,0,0,0,0,0,0
870,southern_cairngorms,2019-12-16 11:23:59,921271,0,0,0,0,0,0,0
871,beinn_dearg,2019-12-16 11:23:59,103661,0,0,0,0,0,0,0
872,northern_cairngorms,2021-09-16 11:21:09,1324595,0,0,0,0,0,0,0
873,monadh_liath,2021-09-16 11:21:09,851717,0,0,0,0,0,0,0
874,southern_cairngorms,2021-09-16 11:21:09,921271,0,0,0,0,0,0,0
875,beinn_dearg,2021-09-16 11:21:09,103661,0,0,0,0,0,0,0
876,northern_cairngorms,2022-09-26 11:21:21,1324595,0,0,0,0,0,0,0
877,monadh_liath,2022-09-26 11:21:21,851717,0,0,0,0,0,0,0
878,southern_cairngorms,2022-09-26 11:21:21,921271,0,0,0,0,0,0,0
879,beinn_dearg,2022-09-26 11:21:21,103661,0,0,0,0,0,0,0
880,northern_cairngorms,2020-02-20 11:43:49,0,850534,294969,97993,19048,606,16647,44798
881,monadh_liath,2020-02-20 11:43:49,0,298320,550913,174,0,0,1685,625
882,southern_cairngorms,2020-02-20 11:43:49,0,495855,35631,121220,161077,11037,15814,80637
883,beinn_dearg,2020-02-20 11:43:49,0,77825,11058,8372,0,0,6276,130
884,northern_cairngorms,2022-06-03 11:21:19,1324595,0,0,0,0,0,0,0
885,monadh_liath,2022-06-03 11:21:19,851717,0,0,0,0,0,0,0
886,southern_cairngorms,2022-06-03 11:21:19,921271,0,0,0,0,0,0,0
887,beinn_dearg,2022-06-03 11:21:19,103661,0,0,0,0,0,0,0
888,northern_cairngorms,2022-08-28 11:43:49,0,0,853344,145206,258584,19638,2596,45227
889,monadh_liath,2022-08-28 11:43:49,0,0,796658,614,32238,1968,329,19910
890,southern_cairngorms,2022-08-28 11:43:49,0,0,643521,117144,124355,9146,81,27024
891,beinn_dearg,2022-08-28 11:43:49,0,0,15689,351,77492,6353,0,3776
892,northern_cairngorms,2020-11-21 11:44:11,0,128392,665005,287372,28826,4665,18903,191432
893,monadh_liath,2020-11-21 11:44:11,0,211813,360823,146757,3215,496,75876,52737
894,southern_cairngorms,2020-11-21 11:44:11,0,254368,573431,23692,314,683,1868,66915
895,beinn_dearg,2020-11-21 11:44:11,0,37803,46157,5717,0,0,1262,12722
896,northern_cairngorms,2020-03-11 11:43:49,0,307923,955356,16524,7314,0,121,37357
897,monadh_liath,2020-03-11 11:43:49,0,642236,192261,447,2,0,0,16771
898,southern_cairngorms,2020-03-11 11:43:49,0,249417,529251,70726,1187,593,448,69649
899,beinn_dearg,2020-03-11 11:43:49,0,88640,15018,3,0,0,0,0
900,northern_cairngorms,2020-10-02 11:44:01,0,0,903886,51170,330158,9105,702,29574
901,monadh_liath,2020-10-02 11:44:01,0,0,3466,10853,831010,1100,546,4742
902,southern_cairngorms,2020-10-02 11:44:01,0,0,52319,65114,756172,18921,6430,22315
903,beinn_dearg,2020-10-02 11:44:01,0,0,8883,3576,87299,1625,2,2276
904,northern_cairngorms,2023-06-04 11:43:49,0,1785,403647,56533,648061,162378,4042,48149
905,monadh_liath,2023-06-04 11:43:49,0,0,299175,15206,473056,37151,153,26976
906,southern_cairngorms,2023-06-04 11:43:49,0,0,443067,53399,390901,20015,121,13768
907,beinn_dearg,2023-06-04 11:43:49,0,0,28118,1935,68871,3451,0,1286
908,northern_cairngorms,2020-11-25 11:24:11,1324595,0,0,0,0,0,0,0
909,monadh_liath,2020-11-25 11:24:11,851717,0,0,0,0,0,0,0
910,southern_cairngorms,2020-11-25 11:24:11,921271,0,0,0,0,0,0,0
911,beinn_dearg,2020-11-25 11:24:11,103661,0,0,0,0,0,0,0
912,northern_cairngorms,2022-04-19 11:21:21,1324595,0,0,0,0,0,0,0
913,monadh_liath,2022-04-19 11:21:21,851717,0,0,0,0,0,0,0
914,southern_cairngorms,2022-04-19 11:21:21,921271,0,0,0,0,0,0,0
915,beinn_dearg,2022-04-19 11:21:21,103661,0,0,0,0,0,0,0
916,northern_cairngorms,2020-01-10 11:24:31,1324595,0,0,0,0,0,0,0
917,monadh_liath,2020-01-10 11:24:31,851717,0,0,0,0,0,0,0
918,southern_cairngorms,2020-01-10 11:24:31,921271,0,0,0,0,0,0,0
919,beinn_dearg,2020-01-10 11:24:31,103661,0,0,0,0,0,0,0
920,northern_cairngorms,2020-12-15 11:24:51,1324595,0,0,0,0,0,0,0
921,monadh_liath,2020-12-15 11:24:51,851717,0,0,0,0,0,0,0
922,southern_cairngorms,2020-12-15 11:24:51,921271,0,0,0,0,0,0,0
923,beinn_dearg,2020-12-15 11:24:51,103661,0,0,0,0,0,0,0
924,northern_cairngorms,2022-02-19 11:43:49,0,436147,815272,41519,25,25030,6540,62
925,monadh_liath,2022-02-19 11:43:49,0,208158,627507,12046,30,3367,609,0
926,southern_cairngorms,2022-02-19 11:43:49,0,306132,531857,37646,92,38703,6666,175
927,beinn_dearg,2022-02-19 11:43:49,0,6761,96671,113,0,116,0,0
928,northern_cairngorms,2022-01-27 11:33:09,2,1564,773507,155720,61681,231339,27985,72797
929,monadh_liath,2022-01-27 11:33:09,9,6684,390512,60262,89547,208437,16111,80155
930,southern_cairngorms,2022-01-27 11:33:09,0,2997,380874,131401,56466,215227,9736,124570
931,beinn_dearg,2022-01-27 11:33:09,0,1111,38106,6737,10420,23425,0,23862
932,northern_cairngorms,2022-08-07 11:21:31,1324595,0,0,0,0,0,0,0
933,monadh_liath,2022-08-07 11:21:31,851717,0,0,0,0,0,0,0
934,southern_cairngorms,2022-08-07 11:21:31,921271,0,0,0,0,0,0,0
935,beinn_dearg,2022-08-07 11:21:31,103661,0,0,0,0,0,0,0
936,northern_cairngorms,2019-03-14 11:33:19,0,674159,340070,119955,98693,6924,18091,66703
937,monadh_liath,2019-03-14 11:33:19,0,527510,231278,47954,7398,2379,4188,31010
938,southern_cairngorms,2019-03-14 11:33:19,0,259206,324058,125123,109870,33134,8013,61867
939,beinn_dearg,2019-03-14 11:33:19,0,79715,17948,1135,603,378,910,2972
940,northern_cairngorms,2021-02-08 11:21:29,1324595,0,0,0,0,0,0,0
941,monadh_liath,2021-02-08 11:21:29,851717,0,0,0,0,0,0,0
942,southern_cairngorms,2021-02-08 11:21:29,921271,0,0,0,0,0,0,0
943,beinn_dearg,2021-02-08 11:21:29,103661,0,0,0,0,0,0,0
944,northern_cairngorms,2020-03-06 11:43:51,0,1059427,138275,25497,17425,5295,11428,67248
945,monadh_liath,2020-03-06 11:43:51,0,784489,42699,1113,1967,467,63,20919
946,southern_cairngorms,2020-03-06 11:43:51,0,605409,133249,40751,45736,12580,8791,74755
947,beinn_dearg,2020-03-06 11:43:51,0,55645,46771,1239,0,0,0,6
948,northern_cairngorms,2022-11-28 11:34:21,61,198,415279,311347,98695,296539,47397,155079
949,monadh_liath,2022-11-28 11:34:21,9,0,313826,86416,63259,252626,20027,115554
950,southern_cairngorms,2022-11-28 11:34:21,13,485,100969,273815,230070,244929,8674,62316
951,beinn_dearg,2022-11-28 11:34:21,0,0,44832,11918,9852,23945,672,12442
952,northern_cairngorms,2022-07-08 11:21:31,1324595,0,0,0,0,0,0,0
953,monadh_liath,2022-07-08 11:21:31,851717,0,0,0,0,0,0,0
954,southern_cairngorms,2022-07-08 11:21:31,921271,0,0,0,0,0,0,0
955,beinn_dearg,2022-07-08 11:21:31,103661,0,0,0,0,0,0,0
956,northern_cairngorms,2020-01-08 11:33:49,0,344142,599608,196968,48,5,77733,106091
957,monadh_liath,2020-01-08 11:33:49,0,710099,88353,13824,10,0,11510,27921
958,southern_cairngorms,2020-01-08 11:33:49,0,23426,248618,297615,41503,35670,39056,235383
959,beinn_dearg,2020-01-08 11:33:49,0,58712,40216,782,7,1,2069,1874
960,northern_cairngorms,2018-12-09 11:34:41,0,256926,902595,63556,1843,230,6876,92569
961,monadh_liath,2018-12-09 11:34:41,0,360602,265657,86961,0,0,89198,49299
962,southern_cairngorms,2018-12-09 11:34:41,0,88115,468588,111784,28562,21704,11944,190574
963,beinn_dearg,2018-12-09 11:34:41,0,39344,43367,12566,0,0,268,8116
964,northern_cairngorms,2020-05-30 11:43:49,0,17012,108388,4575,849090,333591,5053,6886
965,monadh_liath,2020-05-30 11:43:49,0,3227,222896,242,541087,82748,0,1517
966,southern_cairngorms,2020-05-30 11:43:49,0,2659,98,2532,845781,61703,6572,1926
967,beinn_dearg,2020-05-30 11:43:49,0,224,8,52,87281,16026,0,70
968,northern_cairngorms,2020-11-28 11:34:31,1,189007,144167,358244,249481,36415,146265,201015
969,monadh_liath,2020-11-28 11:34:31,1,12932,209152,149432,172445,41773,23509,242473
970,southern_cairngorms,2020-11-28 11:34:31,0,2895,31982,288106,310459,34942,87259,165628
971,beinn_dearg,2020-11-28 11:34:31,0,13831,20321,10772,16065,5560,6853,30259
972,northern_cairngorms,2022-07-18 11:21:31,1324595,0,0,0,0,0,0,0
973,monadh_liath,2022-07-18 11:21:31,851717,0,0,0,0,0,0,0
974,southern_cairngorms,2022-07-18 11:21:31,921271,0,0,0,0,0,0,0
975,beinn_dearg,2022-07-18 11:21:31,103661,0,0,0,0,0,0,0
976,northern_cairngorms,2022-06-18 11:21:31,1324595,0,0,0,0,0,0,0
977,monadh_liath,2022-06-18 11:21:31,851717,0,0,0,0,0,0,0
978,southern_cairngorms,2022-06-18 11:21:31,921271,0,0,0,0,0,0,0
979,beinn_dearg,2022-06-18 11:21:31,103661,0,0,0,0,0,0,0
980,northern_cairngorms,2021-12-05 11:23:39,1324595,0,0,0,0,0,0,0
981,monadh_liath,2021-12-05 11:23:39,851717,0,0,0,0,0,0,0
982,southern_cairngorms,2021-12-05 11:23:39,921271,0,0,0,0,0,0,0
983,beinn_dearg,2021-12-05 11:23:39,103661,0,0,0,0,0,0,0
984,northern_cairngorms,2018-12-27 11:45:09,0,61436,617262,347250,13976,25782,63513,195376
985,monadh_liath,2018-12-27 11:45:09,0,27914,260764,267856,13207,9721,106841,165414
986,southern_cairngorms,2018-12-27 11:45:09,0,22315,227836,296779,34959,29127,119388,190867
987,beinn_dearg,2018-12-27 11:45:09,0,959,98298,2233,0,1,48,2122
988,northern_cairngorms,2019-12-21 11:24:51,1324595,0,0,0,0,0,0,0
989,monadh_liath,2019-12-21 11:24:51,851717,0,0,0,0,0,0,0
990,southern_cairngorms,2019-12-21 11:24:51,921271,0,0,0,0,0,0,0
991,beinn_dearg,2019-12-21 11:24:51,103661,0,0,0,0,0,0,0
992,northern_cairngorms,2021-01-25 11:43:49,0,862508,413989,19348,19,0,17307,11424
993,monadh_liath,2021-01-25 11:43:49,0,622341,214929,5154,1,14,9152,126
994,southern_cairngorms,2021-01-25 11:43:49,0,605470,169243,57265,922,0,49512,38859
995,beinn_dearg,2021-01-25 11:43:49,0,96928,6608,11,0,0,0,114
996,northern_cairngorms,2020-06-18 11:21:21,1324595,0,0,0,0,0,0,0
997,monadh_liath,2020-06-18 11:21:21,851717,0,0,0,0,0,0,0
998,southern_cairngorms,2020-06-18 11:21:21,921271,0,0,0,0,0,0,0
999,beinn_dearg,2020-06-18 11:21:21,103661,0,0,0,0,0,0,0
1000,northern_cairngorms,2019-03-12 11:43:51,0,764916,285813,62530,121877,1441,9969,78049
1001,monadh_liath,2019-03-12 11:43:51,0,618618,175835,2501,29904,1668,1276,21915
1002,southern_cairngorms,2019-03-12 11:43:51,0,389623,205787,57562,193033,7703,6181,61382
1003,beinn_dearg,2019-03-12 11:43:51,0,61043,41848,770,0,0,0,0
1004,northern_cairngorms,2018-10-17 11:21:11,1324595,0,0,0,0,0,0,0
1005,monadh_liath,2018-10-17 11:21:11,851717,0,0,0,0,0,0,0
1006,southern_cairngorms,2018-10-17 11:21:11,921271,0,0,0,0,0,0,0
1007,beinn_dearg,2018-10-17 11:21:11,103661,0,0,0,0,0,0,0
1008,northern_cairngorms,2021-03-13 11:33:19,0,802777,297489,50628,79565,10163,10219,73754
1009,monadh_liath,2021-03-13 11:33:19,0,621774,211251,3146,4323,834,163,10226
1010,southern_cairngorms,2021-03-13 11:33:19,0,380090,114029,72386,227503,56474,8842,61947
1011,beinn_dearg,2021-03-13 11:33:19,0,71959,30755,60,130,33,248,476
1012,northern_cairngorms,2020-03-03 11:33:11,0,1066025,148714,47432,19818,4370,11058,27178
1013,monadh_liath,2020-03-03 11:33:11,0,528940,293436,22188,892,525,2423,3313
1014,southern_cairngorms,2020-03-03 11:33:11,0,725709,62804,51505,28224,2505,13295,37229
1015,beinn_dearg,2020-03-03 11:33:11,0,101508,2019,97,5,1,8,23
1016,northern_cairngorms,2021-01-05 11:43:59,0,866759,332008,85376,0,0,32681,7771
1017,monadh_liath,2021-01-05 11:43:59,0,655178,192627,2025,0,0,1385,502
1018,southern_cairngorms,2021-01-05 11:43:59,0,162836,739984,14297,4,0,567,3583
1019,beinn_dearg,2021-01-05 11:43:59,0,74078,6436,7319,0,0,11765,4063
1020,northern_cairngorms,2021-04-09 11:21:09,1324595,0,0,0,0,0,0,0
1021,monadh_liath,2021-04-09 11:21:09,851717,0,0,0,0,0,0,0
1022,southern_cairngorms,2021-04-09 11:21:09,921271,0,0,0,0,0,0,0
1023,beinn_dearg,2021-04-09 11:21:09,103661,0,0,0,0,0,0,0
1024,northern_cairngorms,2022-05-19 11:21:21,1324595,0,0,0,0,0,0,0
1025,monadh_liath,2022-05-19 11:21:21,851717,0,0,0,0,0,0,0
1026,southern_cairngorms,2022-05-19 11:21:21,921271,0,0,0,0,0,0,0
1027,beinn_dearg,2022-05-19 11:21:21,103661,0,0,0,0,0,0,0
1028,northern_cairngorms,2021-05-07 11:33:21,0,910386,278857,39250,23726,10982,4840,56554
1029,monadh_liath,2021-05-07 11:33:21,0,660968,125445,11720,10173,11155,183,32073
1030,southern_cairngorms,2021-05-07 11:33:21,0,200834,439250,75613,86309,48519,4109,66637
1031,beinn_dearg,2021-05-07 11:33:21,0,80468,11486,1183,4115,2265,667,3477
1032,northern_cairngorms,2023-01-14 11:24:21,1324595,0,0,0,0,0,0,0
1033,monadh_liath,2023-01-14 11:24:21,851717,0,0,0,0,0,0,0
1034,southern_cairngorms,2023-01-14 11:24:21,921271,0,0,0,0,0,0,0
1035,beinn_dearg,2023-01-14 11:24:21,103661,0,0,0,0,0,0,0
1036,northern_cairngorms,2021-04-25 11:43:49,0,99424,477353,242852,218776,191351,7043,87796
1037,monadh_liath,2021-04-25 11:43:49,0,13601,116333,138163,336015,208199,1092,38314
1038,southern_cairngorms,2021-04-25 11:43:49,0,9298,138025,44141,451667,234439,6350,37351
1039,beinn_dearg,2021-04-25 11:43:49,0,17,55895,7378,14085,19474,0,6812
1040,northern_cairngorms,2023-04-19 11:21:19,1324595,0,0,0,0,0,0,0
1041,monadh_liath,2023-04-19 11:21:19,851717,0,0,0,0,0,0,0
1042,southern_cairngorms,2023-04-19 11:21:19,921271,0,0,0,0,0,0,0
1043,beinn_dearg,2023-04-19 11:21:19,103661,0,0,0,0,0,0,0
1044,northern_cairngorms,2021-03-18 11:33:21,0,144380,875249,131614,64833,40286,4591,63642
1045,monadh_liath,2021-03-18 11:33:21,0,210950,373088,113465,61313,22727,392,69782
1046,southern_cairngorms,2021-03-18 11:33:21,0,86129,307968,233490,128607,69663,24819,70595
1047,beinn_dearg,2021-03-18 11:33:21,0,14,103421,226,0,0,0,0
1048,northern_cairngorms,2021-02-03 11:22:51,1324595,0,0,0,0,0,0,0
1049,monadh_liath,2021-02-03 11:22:51,851717,0,0,0,0,0,0,0
1050,southern_cairngorms,2021-02-03 11:22:51,921271,0,0,0,0,0,0,0
1051,beinn_dearg,2021-02-03 11:22:51,103661,0,0,0,0,0,0,0
1052,northern_cairngorms,2021-07-16 11:33:21,0,479,575167,53660,487032,109027,2815,96415
1053,monadh_liath,2021-07-16 11:33:21,0,101,672145,3656,106806,26616,12,42381
1054,southern_cairngorms,2021-07-16 11:33:21,0,0,326214,29910,475021,35896,3200,51030
1055,beinn_dearg,2021-07-16 11:33:21,0,0,72851,794,16338,5370,0,8308
1056,northern_cairngorms,2019-07-25 11:43:59,0,0,245519,28255,909770,85426,4742,50883
1057,monadh_liath,2019-07-25 11:43:59,0,0,286903,15688,478510,28976,458,41182
1058,southern_cairngorms,2019-07-25 11:43:59,0,25,43930,10598,790066,45299,6140,25213
1059,beinn_dearg,2019-07-25 11:43:59,0,0,6004,175,81787,9897,0,5798
1060,northern_cairngorms,2018-12-24 11:34:59,42,256515,43945,281829,30913,66411,243646,401294
1061,monadh_liath,2018-12-24 11:34:59,7,66705,19910,141591,19357,128369,78910,396868
1062,southern_cairngorms,2018-12-24 11:34:59,0,134708,43926,215422,50818,55271,182173,238953
1063,beinn_dearg,2018-12-24 11:34:59,0,10129,4727,10860,7075,15697,9938,45235
1064,northern_cairngorms,2023-03-10 11:21:19,1324595,0,0,0,0,0,0,0
1065,monadh_liath,2023-03-10 11:21:19,851717,0,0,0,0,0,0,0
1066,southern_cairngorms,2023-03-10 11:21:19,921271,0,0,0,0,0,0,0
1067,beinn_dearg,2023-03-10 11:21:19,103661,0,0,0,0,0,0,0
1068,northern_cairngorms,2021-02-09 11:43:51,2,1111679,34501,78638,3797,0,31142,64836
1069,monadh_liath,2021-02-09 11:43:51,0,811865,4089,13076,1442,65,5796,15384
1070,southern_cairngorms,2021-02-09 11:43:51,0,695193,111750,49645,2,0,57889,6792
1071,beinn_dearg,2021-02-09 11:43:51,0,101903,68,778,0,0,269,643
1072,northern_cairngorms,2023-05-25 11:43:49,0,12819,12637,20529,897704,370649,5074,5183
1073,monadh_liath,2023-05-25 11:43:49,0,17,53536,30743,663169,95963,429,7860
1074,southern_cairngorms,2023-05-25 11:43:49,0,266,58393,33313,762206,56570,6313,4210
1075,beinn_dearg,2023-05-25 11:43:49,0,0,686,778,90357,11541,0,299
1076,northern_cairngorms,2023-01-30 11:43:51,0,201973,739870,108455,26793,130464,87774,29266
1077,monadh_liath,2023-01-30 11:43:51,0,19417,785862,2434,4803,25068,37,14096
1078,southern_cairngorms,2023-01-30 11:43:51,0,67895,497845,73621,41710,161230,34565,44405
1079,beinn_dearg,2023-01-30 11:43:51,0,32587,55211,634,1319,11578,493,1839
1080,northern_cairngorms,2022-02-08 11:22:31,1324595,0,0,0,0,0,0,0
1081,monadh_liath,2022-02-08 11:22:31,851717,0,0,0,0,0,0,0
1082,southern_cairngorms,2022-02-08 11:22:31,921271,0,0,0,0,0,0,0
1083,beinn_dearg,2022-02-08 11:22:31,103661,0,0,0,0,0,0,0
1084,northern_cairngorms,2021-10-01 11:21:21,1324595,0,0,0,0,0,0,0
1085,monadh_liath,2021-10-01 11:21:21,851717,0,0,0,0,0,0,0
1086,southern_cairngorms,2021-10-01 11:21:21,921271,0,0,0,0,0,0,0
1087,beinn_dearg,2021-10-01 11:21:21,103661,0,0,0,0,0,0,0
1088,northern_cairngorms,2019-04-10 11:21:19,1324595,0,0,0,0,0,0,0
1089,monadh_liath,2019-04-10 11:21:19,851717,0,0,0,0,0,0,0
1090,southern_cairngorms,2019-04-10 11:21:19,921271,0,0,0,0,0,0,0
1091,beinn_dearg,2019-04-10 11:21:19,103661,0,0,0,0,0,0,0
1092,northern_cairngorms,2018-12-16 11:24:51,1324595,0,0,0,0,0,0,0
1093,monadh_liath,2018-12-16 11:24:51,851717,0,0,0,0,0,0,0
1094,southern_cairngorms,2018-12-16 11:24:51,921271,0,0,0,0,0,0,0
1095,beinn_dearg,2018-12-16 11:24:51,103661,0,0,0,0,0,0,0
1096,northern_cairngorms,2021-01-17 11:34:21,0,824958,187389,117228,511,0,139877,54632
1097,monadh_liath,2021-01-17 11:34:21,0,622952,115789,37072,229,5,56309,19361
1098,southern_cairngorms,2021-01-17 11:34:21,0,339565,59690,167539,1345,21,320121,32990
1099,beinn_dearg,2021-01-17 11:34:21,0,78067,7595,10270,0,0,7703,26
1100,northern_cairngorms,2022-03-23 11:33:21,0,372473,197622,85879,181086,455364,4574,27597
1101,monadh_liath,2022-03-23 11:33:21,0,288615,34943,12201,167132,343750,486,4590
1102,southern_cairngorms,2022-03-23 11:33:21,0,138046,143272,46960,205367,369589,3659,14378
1103,beinn_dearg,2022-03-23 11:33:21,0,33996,2258,0,10611,56207,0,589
1104,northern_cairngorms,2023-01-20 11:44:11,4,948424,2099,245319,127,119588,9034,0
1105,monadh_liath,2023-01-20 11:44:11,0,760964,779,51957,58,35679,2280,0
1106,southern_cairngorms,2023-01-20 11:44:11,0,634346,786,156151,293,118752,10932,11
1107,beinn_dearg,2023-01-20 11:44:11,0,91873,5,4827,0,6639,317,0
1108,northern_cairngorms,2020-08-15 11:33:19,0,96,24148,29977,1141062,106610,5368,17334
1109,monadh_liath,2020-08-15 11:33:19,0,0,15008,10821,808700,10777,478,5933
1110,southern_cairngorms,2020-08-15 11:33:19,0,0,139811,7847,722080,25690,6823,19020
1111,beinn_dearg,2020-08-15 11:33:19,0,0,76828,722,14813,5972,0,5326
1112,northern_cairngorms,2021-11-28 11:33:29,0,701069,470096,56676,0,0,94145,2609
1113,monadh_liath,2021-11-28 11:33:29,0,517924,183747,27698,0,0,118315,4033
1114,southern_cairngorms,2021-11-28 11:33:29,0,451193,286815,48654,0,5,131345,3259
1115,beinn_dearg,2021-11-28 11:33:29,0,79648,24013,0,0,0,0,0
1116,northern_cairngorms,2018-09-22 11:21:09,1324595,0,0,0,0,0,0,0
1117,monadh_liath,2018-09-22 11:21:09,851717,0,0,0,0,0,0,0
1118,southern_cairngorms,2018-09-22 11:21:09,921271,0,0,0,0,0,0,0
1119,beinn_dearg,2018-09-22 11:21:09,103661,0,0,0,0,0,0,0
